model,landscape,replicate,train_regime,cv_fold,test_data,pearson_r,r2,mse_loss,train_epochs
blstm,gb1,r0,M0-M1,0,train,0.238405428,-0.54997637,2.73E-05,22
blstm,gb1,r0,M0-M1,0,M1,0.09404232,-4.119458979,2.42E-05,
blstm,gb1,r0,M0-M1,0,M2,0.033338448,-0.005084461,0.013775715,
blstm,gb1,r0,M0-M1,0,M3,-0.0266154,-0.019509388,0.089206184,
blstm,gb1,r0,M0-M1,0,M4,-0.042585572,-0.042270528,0.200768745,
blstm,gb1,r0,M0-M2,0,train,0.806052607,0.648842817,0.001783971,26
blstm,gb1,r0,M0-M2,0,M1,0.739741978,-8.038463754,4.27E-05,
blstm,gb1,r0,M0-M2,0,M2,0.107694913,-0.076019502,0.014747951,
blstm,gb1,r0,M0-M2,0,M3,0.192522782,0.015364152,0.086491836,
blstm,gb1,r0,M0-M2,0,M4,0.251327838,0.020987855,0.188574109,
blstm,gb1,r0,M0-M3,0,train,0.970100061,0.940132806,0.004248989,51
blstm,gb1,r0,M0-M3,0,M1,0.712759991,-0.891378363,8.94E-06,
blstm,gb1,r0,M0-M3,0,M2,0.972424085,0.818208843,0.002491634,
blstm,gb1,r0,M0-M3,0,M3,0.94145848,0.886154369,0.009965876,
blstm,gb1,r0,M0-M3,0,M4,0.874849231,0.748260786,0.04847714,
blstm,gb1,r0,M0-M4,0,train,0.995188358,0.990382171,0.001464606,61
blstm,gb1,r0,M0-M4,0,M1,0.015670305,-1.40823386,1.14E-05,
blstm,gb1,r0,M0-M4,0,M2,0.992765443,0.928043162,0.000986242,
blstm,gb1,r0,M0-M4,0,M3,0.989012282,0.977766114,0.00200021,
blstm,gb1,r0,M0-M4,0,M4,0.984613628,0.969258328,0.005894713,
blstm,gb1,r1,M0-M1,0,train,-0.001786351,-0.964809312,3.76E-05,11
blstm,gb1,r1,M0-M1,0,M1,0.206654228,-0.071171594,3.34E-05,
blstm,gb1,r1,M0-M1,0,M2,-0.015148044,-0.011253386,0.004832894,
blstm,gb1,r1,M0-M1,0,M3,0.025054396,-0.018171427,0.059511332,
blstm,gb1,r1,M0-M1,0,M4,0.030426217,-0.037963247,0.172369177,
blstm,gb1,r1,M0-M2,0,train,0.288156794,0.068726907,0.014717629,11
blstm,gb1,r1,M0-M2,0,M1,0.104256896,-12.19421023,0.000411885,
blstm,gb1,r1,M0-M2,0,M2,0.389648507,0.146819249,0.004077447,
blstm,gb1,r1,M0-M2,0,M3,0.285949833,0.038559155,0.056232596,
blstm,gb1,r1,M0-M2,0,M4,0.318210035,0.01022197,0.164366308,
blstm,gb1,r1,M0-M3,0,train,0.973342731,0.941847787,0.003470022,39
blstm,gb1,r1,M0-M3,0,M1,0.29075049,-0.448976236,4.52E-05,
blstm,gb1,r1,M0-M3,0,M2,0.983252694,0.846336449,0.000734375,
blstm,gb1,r1,M0-M3,0,M3,0.947226043,0.889037713,0.006107177,
blstm,gb1,r1,M0-M3,0,M4,0.810004692,0.639615159,0.059906386,
blstm,gb1,r1,M0-M4,0,train,0.995949337,0.991908852,0.001291299,83
blstm,gb1,r1,M0-M4,0,M1,-0.327873081,-1.079375186,6.49E-05,
blstm,gb1,r1,M0-M4,0,M2,0.984064409,0.96700365,0.000157693,
blstm,gb1,r1,M0-M4,0,M3,0.980801584,0.961949092,0.002159473,
blstm,gb1,r1,M0-M4,0,M4,0.988225163,0.976319513,0.003924108,
blstm,gb1,r2,M0-M1,0,train,0.420933393,-0.218021598,2.07E-05,21
blstm,gb1,r2,M0-M1,0,M1,0.379823088,-1.066845848,4.68E-05,
blstm,gb1,r2,M0-M1,0,M2,-0.02216476,-0.014626245,0.020563815,
blstm,gb1,r2,M0-M1,0,M3,0.008004315,-0.026265684,0.05792755,
blstm,gb1,r2,M0-M1,0,M4,0.019639603,-0.047184041,0.184068768,
blstm,gb1,r2,M0-M2,0,train,0.926976877,0.858057471,0.000774171,57
blstm,gb1,r2,M0-M2,0,M1,0.20095861,-0.307692213,2.96E-05,
blstm,gb1,r2,M0-M2,0,M2,0.168429056,0.012605765,0.020011893,
blstm,gb1,r2,M0-M2,0,M3,0.583751257,0.330243402,0.038295776,
blstm,gb1,r2,M0-M2,0,M4,0.383817968,0.137752178,0.151576818,
blstm,gb1,r2,M0-M3,0,train,0.979801721,0.959371285,0.001525722,42
blstm,gb1,r2,M0-M3,0,M1,-0.168733469,-3.622040297,0.000104704,
blstm,gb1,r2,M0-M3,0,M2,0.995758196,0.989506242,0.000212681,
blstm,gb1,r2,M0-M3,0,M3,0.953911217,0.903764677,0.005451661,
blstm,gb1,r2,M0-M3,0,M4,0.858750599,0.624112822,0.066035885,
blstm,gb1,r2,M0-M4,0,train,0.995936842,0.99181033,0.001293914,68
blstm,gb1,r2,M0-M4,0,M1,0.133107321,-0.385278615,3.14E-05,
blstm,gb1,r2,M0-M4,0,M2,0.995741258,0.982734593,0.000349925,
blstm,gb1,r2,M0-M4,0,M3,0.981558748,0.962825216,0.002024535,
blstm,gb1,r2,M0-M4,0,M4,0.986590328,0.973248866,0.004703164,
blstm,gb1,r3,M0-M1,0,train,0.572586373,-0.405207688,2.07E-05,19
blstm,gb1,r3,M0-M1,0,M1,-0.314423537,-31.42341,5.90E-05,
blstm,gb1,r3,M0-M1,0,M2,-0.094364634,-0.022983747,0.0043711,
blstm,gb1,r3,M0-M1,0,M3,-0.027794585,-0.020511448,0.080392761,
blstm,gb1,r3,M0-M1,0,M4,-0.028006202,-0.036393002,0.180253028,
blstm,gb1,r3,M0-M2,0,train,0.88001852,0.760564813,0.001017682,27
blstm,gb1,r3,M0-M2,0,M1,-0.43396716,-10.38058372,2.07E-05,
blstm,gb1,r3,M0-M2,0,M2,0.494670898,-1.959705414,0.012646505,
blstm,gb1,r3,M0-M2,0,M3,0.34983825,0.114689434,0.069806534,
blstm,gb1,r3,M0-M2,0,M4,0.231767761,0.03463149,0.167895942,
blstm,gb1,r3,M0-M3,0,train,0.962302729,0.925137414,0.004429139,29
blstm,gb1,r3,M0-M3,0,M1,0.545355193,-0.849038539,3.36E-06,
blstm,gb1,r3,M0-M3,0,M2,0.801215649,0.443394213,0.002378317,
blstm,gb1,r3,M0-M3,0,M3,0.919496334,0.844514847,0.012949338,
blstm,gb1,r3,M0-M3,0,M4,0.80858906,0.650915087,0.060642202,
blstm,gb1,r3,M0-M4,0,train,0.996256695,0.992435765,0.001182921,83
blstm,gb1,r3,M0-M4,0,M1,-0.256465405,-2.553037537,6.46E-06,
blstm,gb1,r3,M0-M4,0,M2,0.989981745,0.970652511,0.000125399,
blstm,gb1,r3,M0-M4,0,M3,0.990129366,0.980331425,0.001570416,
blstm,gb1,r3,M0-M4,0,M4,0.985785546,0.971439362,0.004948399,
cnn,gb1,r0,M0-M1,0,train,0.050413907,-2.842409505,6.77E-05,18
cnn,gb1,r0,M0-M1,0,M1,0.069931581,-6.771299371,3.67E-05,
cnn,gb1,r0,M0-M1,0,M2,0.016754666,-0.006791824,0.013799113,
cnn,gb1,r0,M0-M1,0,M3,0.076715643,-0.012864202,0.088619284,
cnn,gb1,r0,M0-M1,0,M4,0.022696369,-0.037515254,0.199852218,
cnn,gb1,r0,M0-M2,0,train,0.707777787,0.491996832,0.002580789,14
cnn,gb1,r0,M0-M2,0,M1,0.615384828,-26.86211693,0.00013164,
cnn,gb1,r0,M0-M2,0,M2,0.230155804,0.04153664,0.013136723,
cnn,gb1,r0,M0-M2,0,M3,0.398536367,0.094057047,0.079392987,
cnn,gb1,r0,M0-M2,0,M4,0.375114749,0.033015364,0.186226031,
cnn,gb1,r0,M0-M3,0,train,0.976557274,0.953313864,0.003380455,44
cnn,gb1,r0,M0-M3,0,M1,0.650556575,-3.188130481,1.98E-05,
cnn,gb1,r0,M0-M3,0,M2,0.978434402,0.954660214,0.000621428,
cnn,gb1,r0,M0-M3,0,M3,0.949118944,0.900644013,0.008352089,
cnn,gb1,r0,M0-M3,0,M4,0.820915981,0.597744975,0.07737568,
cnn,gb1,r0,M0-M4,0,train,0.990490066,0.98086203,0.002947779,50
cnn,gb1,r0,M0-M4,0,M1,0.347129172,-12.80996936,6.52E-05,
cnn,gb1,r0,M0-M4,0,M2,0.986924314,0.957950727,0.000576328,
cnn,gb1,r0,M0-M4,0,M3,0.979443478,0.958716049,0.003651557,
cnn,gb1,r0,M0-M4,0,M4,0.97683166,0.954103725,0.008837267,
cnn,gb1,r1,M0-M1,0,train,0.399447284,-0.195190551,2.28E-05,31
cnn,gb1,r1,M0-M1,0,M1,0.195794842,-0.215285861,3.79E-05,
cnn,gb1,r1,M0-M1,0,M2,-0.013326998,-0.034949612,0.004946141,
cnn,gb1,r1,M0-M1,0,M3,0.038256709,-0.031892724,0.060289174,
cnn,gb1,r1,M0-M1,0,M4,0.027489552,-0.054390816,0.175099666,
cnn,gb1,r1,M0-M2,0,train,0.977728669,0.937091248,0.000994196,16
cnn,gb1,r1,M0-M2,0,M1,-0.243746228,-1.509535623,7.83E-05,
cnn,gb1,r1,M0-M2,0,M2,0.78636894,0.103797749,0.004283051,
cnn,gb1,r1,M0-M2,0,M3,0.549328061,0.296872953,0.040893449,
cnn,gb1,r1,M0-M2,0,M4,0.424769923,0.13910487,0.142969231,
cnn,gb1,r1,M0-M3,0,train,0.985477754,0.971052657,0.001743267,34
cnn,gb1,r1,M0-M3,0,M1,,-0.059851532,3.31E-05,
cnn,gb1,r1,M0-M3,0,M2,0.967573891,0.680676266,0.001526084,
cnn,gb1,r1,M0-M3,0,M3,0.952405711,0.906004631,0.004954072,
cnn,gb1,r1,M0-M3,0,M4,0.806796381,0.648006526,0.058332692,
cnn,gb1,r1,M0-M4,0,train,0.990008999,0.98011665,0.003181018,50
cnn,gb1,r1,M0-M4,0,M1,0.365420657,-0.472475653,4.60E-05,
cnn,gb1,r1,M0-M4,0,M2,0.959700911,0.910191953,0.000429203,
cnn,gb1,r1,M0-M4,0,M3,0.955082922,0.912154605,0.00486322,
cnn,gb1,r1,M0-M4,0,M4,0.978187901,0.956795608,0.007152454,
cnn,gb1,r2,M0-M1,0,train,0.146668395,-2.217040987,5.48E-05,18
cnn,gb1,r2,M0-M1,0,M1,-0.010062178,-1.760933627,6.25E-05,
cnn,gb1,r2,M0-M1,0,M2,0.012437873,-0.010015316,0.02047036,
cnn,gb1,r2,M0-M1,0,M3,0.05542855,-0.017366691,0.057400828,
cnn,gb1,r2,M0-M1,0,M4,0.086435346,-0.037025042,0.182281243,
cnn,gb1,r2,M0-M2,0,train,0.747216907,0.556701714,0.002417801,22
cnn,gb1,r2,M0-M2,0,M1,0.249868106,-3.203755636,9.52E-05,
cnn,gb1,r2,M0-M2,0,M2,0.338956434,0.111755763,0.01800238,
cnn,gb1,r2,M0-M2,0,M3,0.521781527,0.237117189,0.042728014,
cnn,gb1,r2,M0-M2,0,M4,0.386079235,0.097087602,0.15871823,
cnn,gb1,r2,M0-M3,0,train,0.983869892,0.96762766,0.001217731,34
cnn,gb1,r2,M0-M3,0,M1,-0.023073546,-0.320781878,2.99E-05,
cnn,gb1,r2,M0-M3,0,M2,0.976217435,0.951937479,0.000974101,
cnn,gb1,r2,M0-M3,0,M3,0.963127177,0.912376203,0.004904868,
cnn,gb1,r2,M0-M3,0,M4,0.705409339,0.433454387,0.099577708,
cnn,gb1,r2,M0-M4,0,train,0.989536797,0.97771103,0.003523915,40
cnn,gb1,r2,M0-M4,0,M1,0.183587521,-1.467275271,5.59E-05,
cnn,gb1,r2,M0-M4,0,M2,0.988325165,0.950796688,0.000997222,
cnn,gb1,r2,M0-M4,0,M3,0.965608195,0.932234055,0.003722904,
cnn,gb1,r2,M0-M4,0,M4,0.974697508,0.948453703,0.00906745,
cnn,gb1,r3,M0-M1,0,train,0.139410493,-2.244746485,4.79E-05,22
cnn,gb1,r3,M0-M1,0,M1,0.354859769,-63.41432152,0.000117137,
cnn,gb1,r3,M0-M1,0,M2,-0.037652823,-0.023034983,0.004371319,
cnn,gb1,r3,M0-M1,0,M3,0.022434603,-0.018127838,0.080200655,
cnn,gb1,r3,M0-M1,0,M4,0.026614097,-0.035176093,0.180042638,
cnn,gb1,r3,M0-M2,0,train,0.93723169,0.866066929,0.000569261,25
cnn,gb1,r3,M0-M2,0,M1,-0.295190154,-7.648684038,1.57E-05,
cnn,gb1,r3,M0-M2,0,M2,0.567428714,0.074847244,0.003953079,
cnn,gb1,r3,M0-M2,0,M3,0.416416011,0.112873817,0.069754946,
cnn,gb1,r3,M0-M2,0,M4,0.306850701,0.014091915,0.171484313,
cnn,gb1,r3,M0-M3,0,train,0.9766395,0.953809094,0.002733731,33
cnn,gb1,r3,M0-M3,0,M1,,-1.120122345,3.86E-06,
cnn,gb1,r3,M0-M3,0,M2,0.902744119,0.778660432,0.00094576,
cnn,gb1,r3,M0-M3,0,M3,0.949858542,0.901483912,0.008153197,
cnn,gb1,r3,M0-M3,0,M4,0.819333694,0.59134124,0.070888529,
cnn,gb1,r3,M0-M4,0,train,0.990534273,0.980330561,0.003092455,45
cnn,gb1,r3,M0-M4,0,M1,-0.122114811,-26.96160653,5.08E-05,
cnn,gb1,r3,M0-M4,0,M2,0.959621824,0.748007884,0.001076735,
cnn,gb1,r3,M0-M4,0,M3,0.978429433,0.952128892,0.003719842,
cnn,gb1,r3,M0-M4,0,M4,0.9777751,0.955983449,0.007649877,
gb,gb1,r0,M0-M1,0,train,1,1,7.72E-34,
gb,gb1,r0,M0-M1,0,M1,0.301215878,0.067633363,4.41E-06,
gb,gb1,r0,M0-M1,0,M2,0.219888463,0.007750289,0.013599801,
gb,gb1,r0,M0-M1,0,M3,0.190447525,-0.012023985,0.083653669,
gb,gb1,r0,M0-M1,0,M4,0.179268022,-0.035917479,0.199724951,
gb,gb1,r0,M0-M2,0,train,0.999999887,0.999999773,1.15E-09,
gb,gb1,r0,M0-M2,0,M1,0.850137707,0.674278615,1.54E-06,
gb,gb1,r0,M0-M2,0,M2,0.238608413,0.01670995,0.013476999,
gb,gb1,r0,M0-M2,0,M3,0.304530624,0.06556134,0.077240484,
gb,gb1,r0,M0-M2,0,M4,0.375692949,0.122389192,0.169203415,
gb,gb1,r0,M0-M3,0,train,0.999912005,0.999816577,1.38E-05,
gb,gb1,r0,M0-M3,0,M1,-0.078081386,-14.12327597,7.15E-05,
gb,gb1,r0,M0-M3,0,M2,0.963453381,0.871179321,0.00176562,
gb,gb1,r0,M0-M3,0,M3,0.695829152,0.482004615,0.042817379,
gb,gb1,r0,M0-M3,0,M4,0.819287088,0.664970788,0.064593652,
gb,gb1,r0,M0-M4,0,train,0.996403951,0.992483055,0.001147087,
gb,gb1,r0,M0-M4,0,M1,-0.228145862,-20.99947083,0.000103941,
gb,gb1,r0,M0-M4,0,M2,0.98202266,0.828302301,0.002353293,
gb,gb1,r0,M0-M4,0,M3,0.93918491,0.87542564,0.010297288,
gb,gb1,r0,M0-M4,0,M4,0.928738645,0.860470593,0.026901278,
gb,gb1,r1,M0-M1,0,train,1,1,7.81E-36,
gb,gb1,r1,M0-M1,0,M1,0.151108605,-0.107470153,3.46E-05,
gb,gb1,r1,M0-M1,0,M2,0.191299183,0.013889199,0.004712734,
gb,gb1,r1,M0-M1,0,M3,0.126233327,-0.015586111,0.057294267,
gb,gb1,r1,M0-M1,0,M4,0.121697202,-0.03719063,0.172187248,
gb,gb1,r1,M0-M2,0,train,0.999999952,0.999999904,1.51E-09,
gb,gb1,r1,M0-M2,0,M1,0.240728509,0.029937655,3.03E-05,
gb,gb1,r1,M0-M2,0,M2,0.230315539,0.007929232,0.004741218,
gb,gb1,r1,M0-M2,0,M3,0.601995634,0.312173816,0.038803698,
gb,gb1,r1,M0-M2,0,M4,0.422287351,0.104985187,0.148584198,
gb,gb1,r1,M0-M3,0,train,0.999911153,0.999816443,1.10E-05,
gb,gb1,r1,M0-M3,0,M1,0.479782734,-0.525316734,4.76E-05,
gb,gb1,r1,M0-M3,0,M2,0.932374205,0.839829492,0.000765473,
gb,gb1,r1,M0-M3,0,M3,0.80355162,0.631806135,0.020771648,
gb,gb1,r1,M0-M3,0,M4,0.809588878,0.652832809,0.057634307,
gb,gb1,r1,M0-M4,0,train,0.996479065,0.992641593,0.001170577,
gb,gb1,r1,M0-M4,0,M1,0.632126888,-0.797067826,5.61E-05,
gb,gb1,r1,M0-M4,0,M2,0.963360154,0.922889424,0.00036852,
gb,gb1,r1,M0-M4,0,M3,0.946976565,0.892329437,0.006074232,
gb,gb1,r1,M0-M4,0,M4,0.927676653,0.858718622,0.023454562,
gb,gb1,r2,M0-M1,0,train,1,1,3.19E-36,
gb,gb1,r2,M0-M1,0,M1,0.480281699,-0.226275527,2.78E-05,
gb,gb1,r2,M0-M1,0,M2,-0.033498493,-0.01107541,0.020491848,
gb,gb1,r2,M0-M1,0,M3,-0.057346334,-0.023295953,0.058850295,
gb,gb1,r2,M0-M1,0,M4,-0.052828678,-0.04339689,0.18340676,
gb,gb1,r2,M0-M2,0,train,0.999999931,0.999999861,7.59E-10,
gb,gb1,r2,M0-M2,0,M1,0.450838594,0.005373103,2.25E-05,
gb,gb1,r2,M0-M2,0,M2,0.214281456,0.001148036,0.020244111,
gb,gb1,r2,M0-M2,0,M3,0.630429187,0.385436269,0.035343887,
gb,gb1,r2,M0-M2,0,M4,0.425995692,0.161824801,0.147333195,
gb,gb1,r2,M0-M3,0,train,0.999912495,0.999820841,6.75E-06,
gb,gb1,r2,M0-M3,0,M1,0.04713006,-1.308267237,5.23E-05,
gb,gb1,r2,M0-M3,0,M2,0.99445576,0.988292443,0.000237281,
gb,gb1,r2,M0-M3,0,M3,0.83644075,0.691281774,0.017754549,
gb,gb1,r2,M0-M3,0,M4,0.784264548,0.584205336,0.07308777,
gb,gb1,r2,M0-M4,0,train,0.996540555,0.992767338,0.001135332,
gb,gb1,r2,M0-M4,0,M1,0.055095113,-2.088863151,7.00E-05,
gb,gb1,r2,M0-M4,0,M2,0.981631303,0.957385748,0.000863679,
gb,gb1,r2,M0-M4,0,M3,0.951036792,0.900064907,0.00574732,
gb,gb1,r2,M0-M4,0,M4,0.925343666,0.853824555,0.025694503,
gb,gb1,r3,M0-M1,0,train,1,1,5.13E-36,
gb,gb1,r3,M0-M1,0,M1,0.003777678,-2.694969845,6.72E-06,
gb,gb1,r3,M0-M1,0,M2,0.20128699,0.004978102,0.004251622,
gb,gb1,r3,M0-M1,0,M3,0.130178588,-0.018631299,0.084268891,
gb,gb1,r3,M0-M1,0,M4,0.129305118,-0.035867709,0.179855094,
gb,gb1,r3,M0-M2,0,train,0.999999839,0.999999675,1.38E-09,
gb,gb1,r3,M0-M2,0,M1,-0.052375614,-3.453841902,8.10E-06,
gb,gb1,r3,M0-M2,0,M2,0.553856642,0.282171262,0.003067205,
gb,gb1,r3,M0-M2,0,M3,0.385754725,0.142996128,0.070897847,
gb,gb1,r3,M0-M2,0,M4,0.282862554,0.067394971,0.161925855,
gb,gb1,r3,M0-M3,0,train,0.999852814,0.999693508,1.82E-05,
gb,gb1,r3,M0-M3,0,M1,0.137939872,-152.4656986,0.000279077,
gb,gb1,r3,M0-M3,0,M2,0.268578679,-1.923802715,0.012493095,
gb,gb1,r3,M0-M3,0,M3,0.805887326,0.623441428,0.031151775,
gb,gb1,r3,M0-M3,0,M4,0.711876801,0.503299392,0.086240872,
gb,gb1,r3,M0-M4,0,train,0.996406969,0.992489218,0.001174956,
gb,gb1,r3,M0-M4,0,M1,0.228642921,-81.54218897,0.000150103,
gb,gb1,r3,M0-M4,0,M2,0.623971654,0.173361252,0.003532139,
gb,gb1,r3,M0-M4,0,M3,0.924751477,0.853178892,0.012146153,
gb,gb1,r3,M0-M4,0,M4,0.923553709,0.84959796,0.026113926,
linear,gb1,r0,M0-M1,0,train,-0.169423288,-644.9984072,0.011382893,150
linear,gb1,r0,M0-M1,0,M1,0.387408759,-2717.312913,0.012843219,
linear,gb1,r0,M0-M1,0,M2,-0.037403043,-0.904917482,0.02610885,
linear,gb1,r0,M0-M1,0,M3,0.006493104,-0.144664362,0.099245511,
linear,gb1,r0,M0-M1,0,M4,-0.000170745,-0.110547577,0.213918326,
linear,gb1,r0,M0-M2,0,train,0.344230785,0.118355003,0.004478988,150
linear,gb1,r0,M0-M2,0,M1,0.367184284,-33.80135477,0.000164426,
linear,gb1,r0,M0-M2,0,M2,0.154856293,0.020525112,0.013424707,
linear,gb1,r0,M0-M2,0,M3,0.211720532,0.027442296,0.085129368,
linear,gb1,r0,M0-M2,0,M4,0.211031619,0.010230518,0.190624367,
linear,gb1,r0,M0-M3,0,train,0.370070471,0.136830289,0.061863213,70
linear,gb1,r0,M0-M3,0,M1,0.506261511,-588.8347191,0.002786793,
linear,gb1,r0,M0-M3,0,M2,0.337717429,-0.04933813,0.014382255,
linear,gb1,r0,M0-M3,0,M3,0.39560546,0.153907982,0.073730162,
linear,gb1,r0,M0-M3,0,M4,0.442911415,0.150078535,0.163666123,
linear,gb1,r0,M0-M4,0,train,0.43917394,0.192868218,0.123743867,27
linear,gb1,r0,M0-M4,0,M1,0.591300057,-1852.257326,0.008756088,
linear,gb1,r0,M0-M4,0,M2,0.347221836,-0.457532673,0.019976979,
linear,gb1,r0,M0-M4,0,M3,0.387855004,0.127393068,0.075481884,
linear,gb1,r0,M0-M4,0,M4,0.454391627,0.203133155,0.153443865,
linear,gb1,r1,M0-M1,0,train,-0.036445978,-394.2533201,0.007556366,17
linear,gb1,r1,M0-M1,0,M1,-0.175451484,-139.4313235,0.004383856,
linear,gb1,r1,M0-M1,0,M2,-0.06539444,-2.966020281,0.018954057,
linear,gb1,r1,M0-M1,0,M3,-0.033758249,-0.312284296,0.075888502,
linear,gb1,r1,M0-M1,0,M4,-0.005728056,-0.105712913,0.183591696,
linear,gb1,r1,M0-M2,0,train,0.223898874,0.049702946,0.015018279,150
linear,gb1,r1,M0-M2,0,M1,0.18962936,-78.71714701,0.002488537,
linear,gb1,r1,M0-M2,0,M2,0.240986549,0.040816451,0.004584046,
linear,gb1,r1,M0-M2,0,M3,0.236122959,-0.012954052,0.059110187,
linear,gb1,r1,M0-M2,0,M4,0.260670159,-0.073777946,0.178311881,
linear,gb1,r1,M0-M3,0,train,0.387578903,0.149347251,0.051116351,44
linear,gb1,r1,M0-M3,0,M1,0.081195386,-176.9336615,0.005554569,
linear,gb1,r1,M0-M3,0,M2,0.371627684,-0.572584557,0.007515559,
linear,gb1,r1,M0-M3,0,M3,0.392799141,0.153813352,0.049602204,
linear,gb1,r1,M0-M3,0,M4,0.433466835,0.132792755,0.143985879,
linear,gb1,r1,M0-M4,0,train,0.441001521,0.194452432,0.128428272,35
linear,gb1,r1,M0-M4,0,M1,-0.054441517,-400.2372458,0.012525455,
linear,gb1,r1,M0-M4,0,M2,0.357928006,-2.164434939,0.015123191,
linear,gb1,r1,M0-M4,0,M3,0.373850093,0.062492074,0.05452425,
linear,gb1,r1,M0-M4,0,M4,0.448571698,0.200831933,0.132666936,
linear,gb1,r2,M0-M1,0,train,0.295462354,-331.2067979,0.005655765,150
linear,gb1,r2,M0-M1,0,M1,-0.105983007,-321.0480368,0.007295444,
linear,gb1,r2,M0-M1,0,M2,-0.053568339,-0.53248935,0.031059539,
linear,gb1,r2,M0-M1,0,M3,0.033370118,-0.160191216,0.066099721,
linear,gb1,r2,M0-M1,0,M4,0.059405663,-0.053362555,0.18515832,
linear,gb1,r2,M0-M2,0,train,0.225824862,0.049952513,0.00518167,150
linear,gb1,r2,M0-M2,0,M1,0.107315425,-31.45110101,0.000735124,
linear,gb1,r2,M0-M2,0,M2,-0.001555904,-0.021338878,0.020699862,
linear,gb1,r2,M0-M2,0,M3,0.194886025,-0.019088928,0.057560277,
linear,gb1,r2,M0-M2,0,M4,0.175809623,-0.069161672,0.187931197,
linear,gb1,r2,M0-M3,0,train,0.373762789,0.139694089,0.032431445,69
linear,gb1,r2,M0-M3,0,M1,0.436812781,-192.3028685,0.004378944,
linear,gb1,r2,M0-M3,0,M2,0.312085876,0.066019626,0.018929334,
linear,gb1,r2,M0-M3,0,M3,0.386021814,0.142410474,0.048533792,
linear,gb1,r2,M0-M3,0,M4,0.435700442,0.116654198,0.155269555,
linear,gb1,r2,M0-M4,0,train,0.439799558,0.193406879,0.126502486,26
linear,gb1,r2,M0-M4,0,M1,0.343332312,-792.0648389,0.017965518,
linear,gb1,r2,M0-M4,0,M2,0.271631437,-0.4197775,0.028775165,
linear,gb1,r2,M0-M4,0,M3,0.366903603,0.056839368,0.053602158,
linear,gb1,r2,M0-M4,0,M4,0.455193323,0.205746961,0.139618585,
linear,gb1,r3,M0-M1,0,train,0.00493401,-872.6404411,0.012891549,11
linear,gb1,r3,M0-M1,0,M1,0.141460594,-5503.162855,0.010009317,
linear,gb1,r3,M0-M1,0,M2,0.020971711,-4.646070174,0.024125051,
linear,gb1,r3,M0-M1,0,M3,-0.056431313,-0.396289341,0.111252509,
linear,gb1,r3,M0-M1,0,M4,-0.005306244,-0.214591316,0.211231605,
linear,gb1,r3,M0-M2,0,train,0.257164868,0.057495445,0.004005968,150
linear,gb1,r3,M0-M2,0,M1,0.072200134,-640.6908499,0.001166914,
linear,gb1,r3,M0-M2,0,M2,0.321757582,0.100093805,0.003845203,
linear,gb1,r3,M0-M2,0,M3,0.241327595,-0.011308779,0.07978496,
linear,gb1,r3,M0-M2,0,M4,0.202149719,-0.069358413,0.185985719,
linear,gb1,r3,M0-M3,0,train,0.38985171,0.151970636,0.050441377,52
linear,gb1,r3,M0-M3,0,M1,0.083888477,-2098.192037,0.00381738,
linear,gb1,r3,M0-M3,0,M2,0.389902975,-0.756794709,0.007506596,
linear,gb1,r3,M0-M3,0,M3,0.405779268,0.159092311,0.066395399,
linear,gb1,r3,M0-M3,0,M4,0.436384416,0.143899808,0.148890703,
linear,gb1,r3,M0-M4,0,train,0.440274665,0.193751795,0.126726609,23
linear,gb1,r3,M0-M4,0,M1,-0.121676298,-6689.343717,0.012166386,
linear,gb1,r3,M0-M4,0,M2,0.367038068,-2.67478432,0.015701959,
linear,gb1,r3,M0-M4,0,M3,0.394686657,0.131233855,0.069175089,
linear,gb1,r3,M0-M4,0,M4,0.448564211,0.200109452,0.13911365,
mlp,gb1,r0,M0-M1,0,train,0.243230142,-1.585582372,4.56E-05,11
mlp,gb1,r0,M0-M1,0,M1,-0.062117697,-6.974543177,3.77E-05,
mlp,gb1,r0,M0-M1,0,M2,0.018659813,-0.006957599,0.013801387,
mlp,gb1,r0,M0-M1,0,M3,0.052842129,-0.018544079,0.089098901,
mlp,gb1,r0,M0-M1,0,M4,-0.02012499,-0.044330927,0.201162578,
mlp,gb1,r0,M0-M2,0,train,0.912189779,0.826442356,0.000881718,36
mlp,gb1,r0,M0-M2,0,M1,0.630749509,-0.978845724,9.35E-06,
mlp,gb1,r0,M0-M2,0,M2,0.266430649,0.067217038,0.012784747,
mlp,gb1,r0,M0-M2,0,M3,0.31580607,0.071629733,0.081104475,
mlp,gb1,r0,M0-M2,0,M4,0.398672707,0.031860725,0.186463658,
mlp,gb1,r0,M0-M3,0,train,0.975215604,0.949829649,0.003648604,28
mlp,gb1,r0,M0-M3,0,M1,0.169133517,-7.97997697,4.24E-05,
mlp,gb1,r0,M0-M3,0,M2,0.9903495,0.978779284,0.000290852,
mlp,gb1,r0,M0-M3,0,M3,0.943909217,0.890830522,0.009523469,
mlp,gb1,r0,M0-M3,0,M4,0.877485514,0.756320569,0.046994321,
mlp,gb1,r0,M0-M4,0,train,0.995376996,0.990773149,0.001404657,50
mlp,gb1,r0,M0-M4,0,M1,-0.060586487,-2.840641733,1.81E-05,
mlp,gb1,r0,M0-M4,0,M2,0.992135887,0.923979234,0.001041943,
mlp,gb1,r0,M0-M4,0,M3,0.989454881,0.978958982,0.001909995,
mlp,gb1,r0,M0-M4,0,M4,0.986048867,0.972043713,0.005373712,
mlp,gb1,r1,M0-M1,0,train,0.130727165,-0.695212153,3.24E-05,15
mlp,gb1,r1,M0-M1,0,M1,-0.545855912,-0.739179565,5.43E-05,
mlp,gb1,r1,M0-M1,0,M2,0.034928974,-0.000475313,0.004781384,
mlp,gb1,r1,M0-M1,0,M3,0.02413697,-0.01535809,0.059349985,
mlp,gb1,r1,M0-M1,0,M4,0.051549717,-0.03481795,0.171848013,
mlp,gb1,r1,M0-M2,0,train,0.953591471,0.79308303,0.003270068,14
mlp,gb1,r1,M0-M2,0,M1,0.0255623,-0.227350299,3.83E-05,
mlp,gb1,r1,M0-M2,0,M2,0.826283326,0.405087354,0.002843155,
mlp,gb1,r1,M0-M2,0,M3,0.595389302,0.232417117,0.044682319,
mlp,gb1,r1,M0-M2,0,M4,0.37297443,0.027482671,0.161523946,
mlp,gb1,r1,M0-M3,0,train,0.98436633,0.968934042,0.001865499,29
mlp,gb1,r1,M0-M3,0,M1,0.368117923,-1.200094332,6.87E-05,
mlp,gb1,r1,M0-M3,0,M2,0.97949041,0.852854127,0.000703227,
mlp,gb1,r1,M0-M3,0,M3,0.94303582,0.887202093,0.006331879,
mlp,gb1,r1,M0-M3,0,M4,0.864034505,0.710126088,0.04811917,
mlp,gb1,r1,M0-M4,0,train,0.994524746,0.988790621,0.001797137,40
mlp,gb1,r1,M0-M4,0,M1,0.066761127,-0.580095646,4.93E-05,
mlp,gb1,r1,M0-M4,0,M2,0.990538618,0.940267947,0.000285466,
mlp,gb1,r1,M0-M4,0,M3,0.98345613,0.967146877,0.001792929,
mlp,gb1,r1,M0-M4,0,M4,0.986096739,0.972311776,0.004589924,
mlp,gb1,r2,M0-M1,0,train,0.449195935,0.17333453,1.41E-05,19
mlp,gb1,r2,M0-M1,0,M1,-0.191720952,-1.086104398,4.73E-05,
mlp,gb1,r2,M0-M1,0,M2,-0.129357886,-0.013949191,0.020550091,
mlp,gb1,r2,M0-M1,0,M3,-0.055424108,-0.020912386,0.057614518,
mlp,gb1,r2,M0-M1,0,M4,-0.029813419,-0.040288723,0.182855153,
mlp,gb1,r2,M0-M2,0,train,0.826297692,0.681056021,0.001739558,27
mlp,gb1,r2,M0-M2,0,M1,0.254390853,-1.751766588,6.23E-05,
mlp,gb1,r2,M0-M2,0,M2,0.215384932,0.041664335,0.01942295,
mlp,gb1,r2,M0-M2,0,M3,0.568935359,0.198349649,0.045022452,
mlp,gb1,r2,M0-M2,0,M4,0.36325741,0.006195858,0.17469764,
mlp,gb1,r2,M0-M3,0,train,0.979749217,0.957963801,0.001576256,23
mlp,gb1,r2,M0-M3,0,M1,0.324507995,-5.843154386,0.00015502,
mlp,gb1,r2,M0-M3,0,M2,0.966235332,0.919193189,0.001637742,
mlp,gb1,r2,M0-M3,0,M3,0.951481065,0.888949333,0.006152946,
mlp,gb1,r2,M0-M3,0,M4,0.84258541,0.639833421,0.063203494,
mlp,gb1,r2,M0-M4,0,train,0.994721094,0.989296324,0.001689834,35
mlp,gb1,r2,M0-M4,0,M1,0.523427381,-0.027213424,2.33E-05,
mlp,gb1,r2,M0-M4,0,M2,0.997853112,0.992550171,0.000150988,
mlp,gb1,r2,M0-M4,0,M3,0.981153082,0.96221627,0.001973471,
mlp,gb1,r2,M0-M4,0,M4,0.986634795,0.973381914,0.004680009,
mlp,gb1,r3,M0-M1,0,train,0.70733155,0.364018953,9.38E-06,23
mlp,gb1,r3,M0-M1,0,M1,-0.398265078,-9.794479519,1.96E-05,
mlp,gb1,r3,M0-M1,0,M2,0.0729038,-0.020465492,0.00436034,
mlp,gb1,r3,M0-M1,0,M3,0.090294693,-0.025220382,0.08076067,
mlp,gb1,r3,M0-M1,0,M4,0.082274826,-0.043966392,0.18156971,
mlp,gb1,r3,M0-M2,0,train,0.937888829,0.877491669,0.000520702,18
mlp,gb1,r3,M0-M2,0,M1,-0.268315822,-16.19893996,3.13E-05,
mlp,gb1,r3,M0-M2,0,M2,0.626700513,0.06704555,0.003986414,
mlp,gb1,r3,M0-M2,0,M3,0.473377683,0.12373152,0.069084407,
mlp,gb1,r3,M0-M2,0,M4,0.312502553,-0.000222536,0.17396404,
mlp,gb1,r3,M0-M3,0,train,0.982264201,0.961128876,0.002317173,37
mlp,gb1,r3,M0-M3,0,M1,-0.607547984,-33.91231831,6.35E-05,
mlp,gb1,r3,M0-M3,0,M2,0.929586528,0.770090849,0.000982377,
mlp,gb1,r3,M0-M3,0,M3,0.947892322,0.897918264,0.008639478,
mlp,gb1,r3,M0-M3,0,M4,0.901851006,0.789081198,0.036569694,
mlp,gb1,r3,M0-M4,0,train,0.995441153,0.990788115,0.00144264,56
mlp,gb1,r3,M0-M4,0,M1,-0.244799692,-60.7955341,0.000112375,
mlp,gb1,r3,M0-M4,0,M2,0.982676481,0.949952326,0.000213848,
mlp,gb1,r3,M0-M4,0,M3,0.988385214,0.976228078,0.001952922,
mlp,gb1,r3,M0-M4,0,M4,0.985870439,0.971346727,0.004966317,
rf,gb1,r0,M0-M1,0,train,0.994703426,0.855979646,2.54E-06,
rf,gb1,r0,M0-M1,0,M1,0.122587156,-0.143305495,5.40E-06,
rf,gb1,r0,M0-M1,0,M2,0.222714568,1.51E-05,0.013705819,
rf,gb1,r0,M0-M1,0,M3,0.201069107,-0.016569723,0.084029419,
rf,gb1,r0,M0-M1,0,M4,0.171914643,-0.040134252,0.200537945,
rf,gb1,r0,M0-M2,0,train,0.989379897,0.872565913,0.000647399,
rf,gb1,r0,M0-M2,0,M1,0.852330737,0.499477378,2.36E-06,
rf,gb1,r0,M0-M2,0,M2,0.235019133,0.045527346,0.013082027,
rf,gb1,r0,M0-M2,0,M3,0.321178622,0.078752664,0.076150092,
rf,gb1,r0,M0-M2,0,M4,0.388105125,0.04454752,0.184211294,
rf,gb1,r0,M0-M3,0,train,0.981239717,0.926341112,0.005531174,
rf,gb1,r0,M0-M3,0,M1,0.881203375,0.609750621,1.84E-06,
rf,gb1,r0,M0-M3,0,M2,0.95767009,0.84484994,0.002126491,
rf,gb1,r0,M0-M3,0,M3,0.70219215,0.485526424,0.042526267,
rf,gb1,r0,M0-M3,0,M4,0.81121445,0.51664702,0.093190483,
rf,gb1,r0,M0-M4,0,train,0.985694878,0.962009877,0.0057973,
rf,gb1,r0,M0-M4,0,M1,0.864847198,0.593980034,1.92E-06,
rf,gb1,r0,M0-M4,0,M2,0.980634411,0.865471772,0.001843847,
rf,gb1,r0,M0-M4,0,M3,0.913356048,0.806135437,0.0160248,
rf,gb1,r0,M0-M4,0,M4,0.895046885,0.791814685,0.040138141,
rf,gb1,r1,M0-M1,0,train,0.993623327,0.8622982,2.63E-06,
rf,gb1,r1,M0-M1,0,M1,0.043784725,-0.0832046,3.38E-05,
rf,gb1,r1,M0-M1,0,M2,0.219640709,0.003718459,0.004761341,
rf,gb1,r1,M0-M1,0,M3,0.144376537,-0.019764,0.057529962,
rf,gb1,r1,M0-M1,0,M4,0.134803066,-0.040865315,0.172797294,
rf,gb1,r1,M0-M2,0,train,0.995593676,0.890344992,0.001732963,
rf,gb1,r1,M0-M2,0,M1,0.407004496,-1.512181827,7.84E-05,
rf,gb1,r1,M0-M2,0,M2,0.431448527,0.173926611,0.003947897,
rf,gb1,r1,M0-M2,0,M3,0.612461744,0.302967108,0.039323094,
rf,gb1,r1,M0-M2,0,M4,0.436673127,0.115371002,0.146860016,
rf,gb1,r1,M0-M3,0,train,0.982276501,0.942835437,0.003413791,
rf,gb1,r1,M0-M3,0,M1,0.434075663,-0.450235171,4.53E-05,
rf,gb1,r1,M0-M3,0,M2,0.906478917,0.799949183,0.000956065,
rf,gb1,r1,M0-M3,0,M3,0.783156189,0.590573433,0.02309779,
rf,gb1,r1,M0-M3,0,M4,0.764882035,0.518298724,0.07996873,
rf,gb1,r1,M0-M4,0,train,0.985255968,0.96122493,0.006168346,
rf,gb1,r1,M0-M4,0,M1,0.253290316,0.051977898,2.96E-05,
rf,gb1,r1,M0-M4,0,M2,0.952607562,0.901238463,0.000471992,
rf,gb1,r1,M0-M4,0,M3,0.909982361,0.822182531,0.010031568,
rf,gb1,r1,M0-M4,0,M4,0.891544566,0.787124232,0.035340169,
rf,gb1,r2,M0-M1,0,train,0.983756253,0.886485229,1.93E-06,
rf,gb1,r2,M0-M1,0,M1,0.274947456,-0.301103285,2.95E-05,
rf,gb1,r2,M0-M1,0,M2,-0.059623424,-0.011341325,0.020497237,
rf,gb1,r2,M0-M1,0,M3,-0.082505116,-0.023556819,0.058865297,
rf,gb1,r2,M0-M1,0,M4,-0.063517886,-0.044093516,0.183529212,
rf,gb1,r2,M0-M2,0,train,0.988023851,0.900678976,0.000541709,
rf,gb1,r2,M0-M2,0,M1,0.322874342,-5.927503068,0.000156931,
rf,gb1,r2,M0-M2,0,M2,0.151908841,0.019091132,0.019880451,
rf,gb1,r2,M0-M2,0,M3,0.623444214,0.23329829,0.044093423,
rf,gb1,r2,M0-M2,0,M4,0.437770478,0.058324906,0.165526254,
rf,gb1,r2,M0-M3,0,train,0.98248787,0.948458948,0.00194284,
rf,gb1,r2,M0-M3,0,M1,0.067014979,-3.806539262,0.000108884,
rf,gb1,r2,M0-M3,0,M2,0.99233967,0.972231275,0.000562799,
rf,gb1,r2,M0-M3,0,M3,0.840641428,0.67541387,0.018667121,
rf,gb1,r2,M0-M3,0,M4,0.742477585,0.423010891,0.101422291,
rf,gb1,r2,M0-M4,0,train,0.985469867,0.961798787,0.005996558,
rf,gb1,r2,M0-M4,0,M1,0.39478692,0.095003022,2.05E-05,
rf,gb1,r2,M0-M4,0,M2,0.996995485,0.992193727,0.000158213,
rf,gb1,r2,M0-M4,0,M3,0.926269207,0.849527026,0.008653781,
rf,gb1,r2,M0-M4,0,M4,0.891731285,0.785617339,0.037683867,
rf,gb1,r3,M0-M1,0,train,0.988413408,0.872612166,1.88E-06,
rf,gb1,r3,M0-M1,0,M1,-0.066384075,-2.537213793,6.43E-06,
rf,gb1,r3,M0-M1,0,M2,0.172036684,-0.010706702,0.004318641,
rf,gb1,r3,M0-M1,0,M3,0.127477097,-0.022675147,0.084603429,
rf,gb1,r3,M0-M1,0,M4,0.119896958,-0.040057445,0.180582547,
rf,gb1,r3,M0-M2,0,train,0.984116103,0.900563969,0.000422637,
rf,gb1,r3,M0-M2,0,M1,-0.26366792,-10.1697736,2.03E-05,
rf,gb1,r3,M0-M2,0,M2,0.593425498,0.335881586,0.002837707,
rf,gb1,r3,M0-M2,0,M3,0.4070564,0.09753506,0.074658731,
rf,gb1,r3,M0-M2,0,M4,0.296670579,0.029189329,0.168559405,
rf,gb1,r3,M0-M3,0,train,0.980841221,0.932961523,0.003979119,
rf,gb1,r3,M0-M3,0,M1,-0.221975036,-6.390565697,1.34E-05,
rf,gb1,r3,M0-M3,0,M2,0.438436749,-0.678342591,0.007171378,
rf,gb1,r3,M0-M3,0,M3,0.769169338,0.546319649,0.037531873,
rf,gb1,r3,M0-M3,0,M4,0.756820317,0.388244626,0.10621754,
rf,gb1,r3,M0-M4,0,train,0.985462247,0.961581703,0.006009999,
rf,gb1,r3,M0-M4,0,M1,-0.216872669,-10.57000433,2.10E-05,
rf,gb1,r3,M0-M4,0,M2,0.732178796,0.530925013,0.002004307,
rf,gb1,r3,M0-M4,0,M3,0.921257416,0.822321449,0.014698915,
rf,gb1,r3,M0-M4,0,M4,0.887311277,0.779425086,0.038297865,
transformer,gb1,r0,M0-M1,0,train,0.052906496,-7.580469004,0.000151193,26
transformer,gb1,r0,M0-M1,0,M1,-0.632358503,-51.80049711,0.000249467,
transformer,gb1,r0,M0-M1,0,M2,-0.032566511,-0.040587431,0.014262317,
transformer,gb1,r0,M0-M1,0,M3,-0.03186392,-0.038587664,0.090699167,
transformer,gb1,r0,M0-M1,0,M4,0.002201818,-0.057897406,0.203780102,
transformer,gb1,r0,M0-M2,0,train,0.72064037,0.518621706,0.002445528,41
transformer,gb1,r0,M0-M2,0,M1,0.226815467,-4.020610742,2.37E-05,
transformer,gb1,r0,M0-M2,0,M2,0.230101956,0.03600044,0.013212603,
transformer,gb1,r0,M0-M2,0,M3,0.348956433,0.089273489,0.079646252,
transformer,gb1,r0,M0-M2,0,M4,0.371749986,0.051172061,0.18275806,
transformer,gb1,r0,M0-M3,0,train,0.552853791,0.286446469,0.051397754,11
transformer,gb1,r0,M0-M3,0,M1,0.496965125,-308.2151498,0.001460949,
transformer,gb1,r0,M0-M3,0,M2,0.636227944,-0.141119097,0.015640207,
transformer,gb1,r0,M0-M3,0,M3,0.592637502,0.341988877,0.056510193,
transformer,gb1,r0,M0-M3,0,M4,0.51040705,0.242301083,0.145906618,
transformer,gb1,r0,M0-M4,0,train,0.89334049,0.781786663,0.033398467,57
transformer,gb1,r0,M0-M4,0,M1,-0.041829563,-39.7283431,0.000192429,
transformer,gb1,r0,M0-M4,0,M2,0.971880039,0.721899072,0.003811659,
transformer,gb1,r0,M0-M4,0,M3,0.917532006,0.838387383,0.013954699,
transformer,gb1,r0,M0-M4,0,M4,0.889160709,0.775084055,0.043220592,
transformer,gb1,r1,M0-M1,0,train,-0.269150151,-8.81651436,0.00018767,29
transformer,gb1,r1,M0-M1,0,M1,0.028529489,-6.453078645,0.000232663,
transformer,gb1,r1,M0-M1,0,M2,-0.128180325,-0.144878447,0.005471503,
transformer,gb1,r1,M0-M1,0,M3,-0.064954522,-0.052423522,0.061452302,
transformer,gb1,r1,M0-M1,0,M4,-0.077421601,-0.068274149,0.177402197,
transformer,gb1,r1,M0-M2,0,train,0.200852557,0.029739519,0.015333774,13
transformer,gb1,r1,M0-M2,0,M1,-0.125129239,-7.96212456,0.000279771,
transformer,gb1,r1,M0-M2,0,M2,0.310395905,0.079384431,0.004399725,
transformer,gb1,r1,M0-M2,0,M3,0.175633453,0.002794302,0.058284543,
transformer,gb1,r1,M0-M2,0,M4,0.223660635,-0.017902426,0.169039087,
transformer,gb1,r1,M0-M3,0,train,0.590081798,0.334321484,0.040045817,15
transformer,gb1,r1,M0-M3,0,M1,-0.090314909,-4.191382481,0.00016206,
transformer,gb1,r1,M0-M3,0,M2,0.752483843,0.451463695,0.002621517,
transformer,gb1,r1,M0-M3,0,M3,0.530504399,0.280964496,0.041639472,
transformer,gb1,r1,M0-M3,0,M4,0.517953629,0.246568742,0.125096316,
transformer,gb1,r1,M0-M4,0,train,0.878894614,0.769345167,0.036836423,36
transformer,gb1,r1,M0-M4,0,M1,-0.450179446,-7.143778553,0.000254225,
transformer,gb1,r1,M0-M4,0,M2,0.797317094,0.471497976,0.002525771,
transformer,gb1,r1,M0-M4,0,M3,0.748236887,0.553605588,0.025064776,
transformer,gb1,r1,M0-M4,0,M4,0.875242902,0.761561668,0.039587343,
transformer,gb1,r2,M0-M1,0,train,0.100224164,-8.156359282,0.000155885,44
transformer,gb1,r2,M0-M1,0,M1,0.053657537,-0.95271538,4.42E-05,
transformer,gb1,r2,M0-M1,0,M2,0.060378856,-0.007134119,0.020411968,
transformer,gb1,r2,M0-M1,0,M3,0.04012095,-0.023964922,0.05777813,
transformer,gb1,r2,M0-M1,0,M4,0.108933874,-0.041448741,0.183063244,
transformer,gb1,r2,M0-M2,0,train,0.769304408,0.539051977,0.002514065,74
transformer,gb1,r2,M0-M2,0,M1,-0.125257865,-1.004039639,4.54E-05,
transformer,gb1,r2,M0-M2,0,M2,0.058528807,-0.029406706,0.020863375,
transformer,gb1,r2,M0-M2,0,M3,0.440530998,0.166401304,0.046825579,
transformer,gb1,r2,M0-M2,0,M4,0.310226597,0.05706853,0.165764388,
transformer,gb1,r2,M0-M3,0,train,0.830867925,0.679878698,0.012043448,47
transformer,gb1,r2,M0-M3,0,M1,0.003973544,-0.080226802,2.45E-05,
transformer,gb1,r2,M0-M3,0,M2,0.958986869,0.903372172,0.001958393,
transformer,gb1,r2,M0-M3,0,M3,0.797673941,0.616902277,0.021443599,
transformer,gb1,r2,M0-M3,0,M4,0.586750125,0.227757594,0.135795696,
transformer,gb1,r2,M0-M4,0,train,0.84533054,0.7129577,0.045045391,24
transformer,gb1,r2,M0-M4,0,M1,0.23000918,-6.213252979,0.000163404,
transformer,gb1,r2,M0-M4,0,M2,0.872206508,0.749011612,0.005086876,
transformer,gb1,r2,M0-M4,0,M3,0.843871071,0.707512975,0.016213203,
transformer,gb1,r2,M0-M4,0,M4,0.84266946,0.707337841,0.051480786,
transformer,gb1,r3,M0-M1,0,train,0.042010561,-3.766558104,7.03E-05,27
transformer,gb1,r3,M0-M1,0,M1,0.133632915,-43.68749003,8.13E-05,
transformer,gb1,r3,M0-M1,0,M2,0.032953643,-0.028483342,0.004394599,
transformer,gb1,r3,M0-M1,0,M3,-0.012578874,-0.022380421,0.08062197,
transformer,gb1,r3,M0-M1,0,M4,0.030679178,-0.032630332,0.179597963,
transformer,gb1,r3,M0-M2,0,train,0.685721181,0.311495899,0.002926379,41
transformer,gb1,r3,M0-M2,0,M1,-0.743527366,-34.82513819,6.51E-05,
transformer,gb1,r3,M0-M2,0,M2,0.610933217,0.321838683,0.00289771,
transformer,gb1,r3,M0-M2,0,M3,0.357772299,0.041581301,0.075488967,
transformer,gb1,r3,M0-M2,0,M4,0.275570719,-0.0040133,0.174622839,
transformer,gb1,r3,M0-M3,0,train,0.767833045,0.580514256,0.024875823,35
transformer,gb1,r3,M0-M3,0,M1,-0.664059816,-24.38028687,4.62E-05,
transformer,gb1,r3,M0-M3,0,M2,0.469366615,0.219555512,0.003334756,
transformer,gb1,r3,M0-M3,0,M3,0.770948608,0.572901122,0.034342774,
transformer,gb1,r3,M0-M3,0,M4,0.567011715,0.320417876,0.11807287,
transformer,gb1,r3,M0-M4,0,train,0.897600431,0.784858146,0.033881599,41
transformer,gb1,r3,M0-M4,0,M1,0.552691618,-3.936402958,8.98E-06,
transformer,gb1,r3,M0-M4,0,M2,0.450176367,0.166012399,0.00356354,
transformer,gb1,r3,M0-M4,0,M3,0.893233994,0.787013775,0.017644804,
transformer,gb1,r3,M0-M4,0,M4,0.885602469,0.757871693,0.042124035,
ulstm,gb1,r0,M0-M1,0,train,0.175601845,-0.327301751,2.34E-05,23
ulstm,gb1,r0,M0-M1,0,M1,0.013921219,-3.060551228,1.92E-05,
ulstm,gb1,r0,M0-M1,0,M2,0.092595276,-0.003667146,0.013756289,
ulstm,gb1,r0,M0-M1,0,M3,0.047912571,-0.018969946,0.089152242,
ulstm,gb1,r0,M0-M1,0,M4,0.047711377,-0.041881849,0.200694092,
ulstm,gb1,r0,M0-M2,0,train,0.803338562,0.620178899,0.001929591,27
ulstm,gb1,r0,M0-M2,0,M1,0.533009907,-23.37506155,0.000115165,
ulstm,gb1,r0,M0-M2,0,M2,0.104676579,-0.043798574,0.01430633,
ulstm,gb1,r0,M0-M2,0,M3,0.19560266,0.025543332,0.085450999,
ulstm,gb1,r0,M0-M2,0,M4,0.278564635,0.024286685,0.187956483,
ulstm,gb1,r0,M0-M3,0,train,0.972666836,0.945701439,0.004085827,54
ulstm,gb1,r0,M0-M3,0,M1,0.090106929,-3.662559932,2.20E-05,
ulstm,gb1,r0,M0-M3,0,M2,0.986737092,0.922007535,0.001068967,
ulstm,gb1,r0,M0-M3,0,M3,0.949075433,0.899567003,0.008806616,
ulstm,gb1,r0,M0-M3,0,M4,0.869987521,0.699173974,0.058007839,
ulstm,gb1,r0,M0-M4,0,train,0.995701509,0.99141431,0.001306837,85
ulstm,gb1,r0,M0-M4,0,M1,0.466753158,-0.126219682,5.32E-06,
ulstm,gb1,r0,M0-M4,0,M2,0.994926414,0.949257479,0.000695478,
ulstm,gb1,r0,M0-M4,0,M3,0.990647388,0.980451872,0.001770905,
ulstm,gb1,r0,M0-M4,0,M4,0.984320968,0.968488308,0.006052579,
ulstm,gb1,r1,M0-M1,0,train,0.569697264,0.270581915,1.39E-05,28
ulstm,gb1,r1,M0-M1,0,M1,0.510755129,0.215295007,2.45E-05,
ulstm,gb1,r1,M0-M1,0,M2,0.082734023,-0.004559471,0.004800903,
ulstm,gb1,r1,M0-M1,0,M3,0.024127075,-0.021186188,0.059681065,
ulstm,gb1,r1,M0-M1,0,M4,0.006333646,-0.041539521,0.172963705,
ulstm,gb1,r1,M0-M2,0,train,0.279775218,0.059150246,0.014868976,11
ulstm,gb1,r1,M0-M2,0,M1,0.166123624,-22.79637007,0.000742853,
ulstm,gb1,r1,M0-M2,0,M2,0.359317525,0.102649109,0.004288541,
ulstm,gb1,r1,M0-M2,0,M3,0.279552945,0.036064426,0.056353378,
ulstm,gb1,r1,M0-M2,0,M4,0.319391588,0.011262268,0.164190649,
ulstm,gb1,r1,M0-M3,0,train,0.94458911,0.891820806,0.006468194,22
ulstm,gb1,r1,M0-M3,0,M1,0.289547275,-5.125058521,0.000191206,
ulstm,gb1,r1,M0-M3,0,M2,0.944106376,0.592088954,0.001949453,
ulstm,gb1,r1,M0-M3,0,M3,0.903995913,0.815692952,0.01013892,
ulstm,gb1,r1,M0-M3,0,M4,0.719710984,0.5112535,0.08125073,
ulstm,gb1,r1,M0-M4,0,train,0.995222446,0.990430624,0.00153383,65
ulstm,gb1,r1,M0-M4,0,M1,0.183371112,-0.01105005,3.16E-05,
ulstm,gb1,r1,M0-M4,0,M2,0.974557588,0.94879654,0.000244707,
ulstm,gb1,r1,M0-M4,0,M3,0.97788658,0.956180346,0.002392261,
ulstm,gb1,r1,M0-M4,0,M4,0.986966599,0.973746587,0.004351361,
ulstm,gb1,r2,M0-M1,0,train,0.164427889,-0.411255349,2.40E-05,16
ulstm,gb1,r2,M0-M1,0,M1,-0.559236838,-1.633154094,5.96E-05,
ulstm,gb1,r2,M0-M1,0,M2,-0.067029756,-0.014065961,0.02055246,
ulstm,gb1,r2,M0-M1,0,M3,-0.127770643,-0.027472739,0.057986991,
ulstm,gb1,r2,M0-M1,0,M4,-0.114082302,-0.046109945,0.183880252,
ulstm,gb1,r2,M0-M2,0,train,0.925642648,0.853919672,0.000796739,62
ulstm,gb1,r2,M0-M2,0,M1,-0.078758306,-2.251859022,7.37E-05,
ulstm,gb1,r2,M0-M2,0,M2,0.165736012,0.014005025,0.019983532,
ulstm,gb1,r2,M0-M2,0,M3,0.583445223,0.326109689,0.038345308,
ulstm,gb1,r2,M0-M2,0,M4,0.378990021,0.130278326,0.152897589,
ulstm,gb1,r2,M0-M3,0,train,0.988649638,0.977041226,0.000863442,69
ulstm,gb1,r2,M0-M3,0,M1,0.348690486,-0.142645436,2.59E-05,
ulstm,gb1,r2,M0-M3,0,M2,0.993118058,0.954462104,0.000922934,
ulstm,gb1,r2,M0-M3,0,M3,0.963289409,0.924386895,0.004177089,
ulstm,gb1,r2,M0-M3,0,M4,0.853011194,0.628968787,0.06516246,
ulstm,gb1,r2,M0-M4,0,train,0.996158796,0.992302412,0.001218242,74
ulstm,gb1,r2,M0-M4,0,M1,0.332573249,-0.577809087,3.57E-05,
ulstm,gb1,r2,M0-M4,0,M2,0.997904172,0.985820374,0.000287384,
ulstm,gb1,r2,M0-M4,0,M3,0.983915157,0.96446725,0.001925976,
ulstm,gb1,r2,M0-M4,0,M4,0.986704101,0.973359815,0.004699121,
ulstm,gb1,r3,M0-M1,0,train,0.581460136,0.154446269,1.25E-05,23
ulstm,gb1,r3,M0-M1,0,M1,-0.070400084,-14.19085857,2.76E-05,
ulstm,gb1,r3,M0-M1,0,M2,-0.037679276,-0.019274877,0.004355252,
ulstm,gb1,r3,M0-M1,0,M3,-0.032587975,-0.022528907,0.080557692,
ulstm,gb1,r3,M0-M1,0,M4,-0.053562063,-0.039056751,0.180716022,
ulstm,gb1,r3,M0-M2,0,train,0.883117386,0.737698188,0.001114873,23
ulstm,gb1,r3,M0-M2,0,M1,-0.489688179,-15.29166809,2.96E-05,
ulstm,gb1,r3,M0-M2,0,M2,0.509278106,-2.65394111,0.0156129,
ulstm,gb1,r3,M0-M2,0,M3,0.371561287,0.127394881,0.069040601,
ulstm,gb1,r3,M0-M2,0,M4,0.26190849,0.050048138,0.165198456,
ulstm,gb1,r3,M0-M3,0,train,0.983146131,0.966545004,0.00199051,64
ulstm,gb1,r3,M0-M3,0,M1,-0.135383062,-11.4535417,2.26E-05,
ulstm,gb1,r3,M0-M3,0,M2,0.914321875,0.743275249,0.001096957,
ulstm,gb1,r3,M0-M3,0,M3,0.948521527,0.898468062,0.008248998,
ulstm,gb1,r3,M0-M3,0,M4,0.84813118,0.718774882,0.04887882,
ulstm,gb1,r3,M0-M4,0,train,0.994252132,0.988183952,0.001845654,48
ulstm,gb1,r3,M0-M4,0,M1,0.601348077,-30.80416121,5.78E-05,
ulstm,gb1,r3,M0-M4,0,M2,0.964619336,0.901065856,0.000422735,
ulstm,gb1,r3,M0-M4,0,M3,0.987469481,0.973222714,0.002190027,
ulstm,gb1,r3,M0-M4,0,M4,0.98376062,0.96725281,0.005669621,