model,landscape,replicate,train distance,cv_fold,data_split,pearson_r,r2,mse_loss,train_epochs
blstm,gb1,r0,train distance 1,0,train,0.23840542834950187,-0.5499763703275786,2.73115438176319e-05,22.0
blstm,gb1,r0,train distance 1,0,test_dist1,0.09404231972546051,-4.1194589786575015,2.4187917006202042e-05,
blstm,gb1,r0,train distance 1,0,test_dist2,0.03333844786752277,-0.005084461173320509,0.013775714673101902,
blstm,gb1,r0,train distance 1,0,test_dist3,-0.026615400408428014,-0.019509387990385596,0.08920618395010631,
blstm,gb1,r0,train distance 1,0,test_dist4,-0.04258557166910355,-0.04227052782401608,0.2007687451938788,
blstm,gb1,r0,train distance 2,0,train,0.806052606714459,0.6488428168368402,0.0017839707434177399,26.0
blstm,gb1,r0,train distance 2,0,test_dist1,0.7397419780184642,-8.038463754410621,4.2704046791186556e-05,
blstm,gb1,r0,train distance 2,0,test_dist2,0.10769491324804799,-0.07601950242576905,0.014747951179742813,
blstm,gb1,r0,train distance 2,0,test_dist3,0.19252278249428983,0.015364151619028155,0.08649183561404546,
blstm,gb1,r0,train distance 2,0,test_dist4,0.25132783800401576,0.020987854557096175,0.18857410922646523,
blstm,gb1,r0,train distance 3,0,train,0.9701000614693457,0.9401328059295917,0.004248989348222191,51.0
blstm,gb1,r0,train distance 3,0,test_dist1,0.71275999075073,-0.8913783629928522,8.936198355513625e-06,
blstm,gb1,r0,train distance 3,0,test_dist2,0.9724240850517056,0.8182088433307004,0.002491634339094162,
blstm,gb1,r0,train distance 3,0,test_dist3,0.9414584801428628,0.8861543690963791,0.009965875806907812,
blstm,gb1,r0,train distance 3,0,test_dist4,0.8748492312982619,0.7482607864134431,0.04847714025527239,
blstm,gb1,r0,train distance 4,0,train,0.9951883583646182,0.9903821711855438,0.0014646062183477995,61.0
blstm,gb1,r0,train distance 4,0,test_dist1,0.015670305045217547,-1.4082338598151147,1.1378187082300428e-05,
blstm,gb1,r0,train distance 4,0,test_dist2,0.9927654431914236,0.9280431619768904,0.0009862423175945878,
blstm,gb1,r0,train distance 4,0,test_dist3,0.9890122820830843,0.9777661143028151,0.0020002096813792982,
blstm,gb1,r0,train distance 4,0,test_dist4,0.9846136278858031,0.9692583278553529,0.00589471267691503,
blstm,gb1,r1,train distance 1,0,train,-0.0017863512739218538,-0.9648093121522732,3.756279329536483e-05,11.0
blstm,gb1,r1,train distance 1,0,test_dist1,0.20665422754105248,-0.07117159376117299,3.343884600326419e-05,
blstm,gb1,r1,train distance 1,0,test_dist2,-0.015148043781542126,-0.011253386115248176,0.004832894075661898,
blstm,gb1,r1,train distance 1,0,test_dist3,0.0250543964227485,-0.018171426986006045,0.059511332462231316,
blstm,gb1,r1,train distance 1,0,test_dist4,0.03042621719845954,-0.037963246751084645,0.17236917714277902,
blstm,gb1,r1,train distance 2,0,train,0.28815679445986453,0.06872690712030016,0.014717629179358482,11.0
blstm,gb1,r1,train distance 2,0,test_dist1,0.10425689556944191,-12.194210230741774,0.00041188468458130956,
blstm,gb1,r1,train distance 2,0,test_dist2,0.3896485071164645,0.14681924897885512,0.004077447112649679,
blstm,gb1,r1,train distance 2,0,test_dist3,0.2859498332083619,0.03855915548826583,0.05623259643713633,
blstm,gb1,r1,train distance 2,0,test_dist4,0.3182100353957939,0.010221969809624198,0.16436630797882876,
blstm,gb1,r1,train distance 3,0,train,0.9733427313520999,0.941847786988746,0.0034700216386805882,39.0
blstm,gb1,r1,train distance 3,0,test_dist1,0.2907504895156337,-0.44897623621441185,4.52328022220172e-05,
blstm,gb1,r1,train distance 3,0,test_dist2,0.983252694183907,0.8463364488719203,0.0007343754987232387,
blstm,gb1,r1,train distance 3,0,test_dist3,0.9472260429708449,0.889037712579663,0.00610717727492253,
blstm,gb1,r1,train distance 3,0,test_dist4,0.8100046918529291,0.6396151591669976,0.05990638645986716,
blstm,gb1,r1,train distance 4,0,train,0.9959493369460624,0.9919088522811801,0.0012912993359781991,83.0
blstm,gb1,r1,train distance 4,0,test_dist1,-0.327873080944167,-1.079375185897042,6.491201202152297e-05,
blstm,gb1,r1,train distance 4,0,test_dist2,0.9840644094933743,0.9670036503969556,0.00015769325545988977,
blstm,gb1,r1,train distance 4,0,test_dist3,0.9808015835491121,0.9619490915856616,0.002159473020583391,
blstm,gb1,r1,train distance 4,0,test_dist4,0.9882251627754997,0.9763195134522143,0.0039241082849912345,
blstm,gb1,r2,train distance 1,0,train,0.42093339309436817,-0.21802159750242156,2.0736613805638626e-05,21.0
blstm,gb1,r2,train distance 1,0,test_dist1,0.3798230880869331,-1.0668458482797232,4.682083090301603e-05,
blstm,gb1,r2,train distance 1,0,test_dist2,-0.02216476002081399,-0.01462624486333941,0.020563814789056778,
blstm,gb1,r2,train distance 1,0,test_dist3,0.008004314526250802,-0.026265683775170245,0.057927550127108894,
blstm,gb1,r2,train distance 1,0,test_dist4,0.019639602845937767,-0.047184041246891795,0.18406876797477403,
blstm,gb1,r2,train distance 2,0,train,0.9269768767472502,0.85805747132629,0.0007741712033748627,57.0
blstm,gb1,r2,train distance 2,0,test_dist1,0.20095861009978583,-0.3076922131760851,2.9623515729326755e-05,
blstm,gb1,r2,train distance 2,0,test_dist2,0.16842905630202384,0.012605765105608291,0.020011892542243004,
blstm,gb1,r2,train distance 2,0,test_dist3,0.5837512567153798,0.33024340245505424,0.03829577565193176,
blstm,gb1,r2,train distance 2,0,test_dist4,0.3838179682069534,0.13775217806461404,0.1515768182774385,
blstm,gb1,r2,train distance 3,0,train,0.9798017209353526,0.9593712848619228,0.0015257223011841152,42.0
blstm,gb1,r2,train distance 3,0,test_dist1,-0.16873346886104118,-3.622040297009544,0.0001047043624566868,
blstm,gb1,r2,train distance 3,0,test_dist2,0.9957581955264481,0.9895062416697025,0.00021268095588311553,
blstm,gb1,r2,train distance 3,0,test_dist3,0.9539112168224323,0.9037646771490285,0.005451661379386981,
blstm,gb1,r2,train distance 3,0,test_dist4,0.8587505987650941,0.6241128220896508,0.06603588536381721,
blstm,gb1,r2,train distance 4,0,train,0.9959368421791105,0.9918103295797951,0.0012939135392070196,68.0
blstm,gb1,r2,train distance 4,0,test_dist1,0.1331073207112103,-0.3852786147368146,3.138110332656652e-05,
blstm,gb1,r2,train distance 4,0,test_dist2,0.9957412582365298,0.9827345927047821,0.0003499245794955641,
blstm,gb1,r2,train distance 4,0,test_dist3,0.9815587476760067,0.9628252161156299,0.002024535438977182,
blstm,gb1,r2,train distance 4,0,test_dist4,0.9865903276805006,0.973248865500389,0.00470316413945208,
blstm,gb1,r3,train distance 1,0,train,0.5725863726833413,-0.40520768754877334,2.07354205485899e-05,19.0
blstm,gb1,r3,train distance 1,0,test_dist1,-0.3144235366106466,-31.423410002634355,5.89619594393298e-05,
blstm,gb1,r3,train distance 1,0,test_dist2,-0.09436463420484557,-0.02298374731718167,0.004371100105345249,
blstm,gb1,r3,train distance 1,0,test_dist3,-0.027794585077319862,-0.020511447992894283,0.08039276053508122,
blstm,gb1,r3,train distance 1,0,test_dist4,-0.028006201704334797,-0.03639300184510441,0.18025302762786546,
blstm,gb1,r3,train distance 2,0,train,0.8800185202842187,0.7605648130879363,0.0010176816722378135,27.0
blstm,gb1,r3,train distance 2,0,test_dist1,-0.43396716012099257,-10.380583717048689,2.0695584680652246e-05,
blstm,gb1,r3,train distance 2,0,test_dist2,0.49467089800028213,-1.9597054140336398,0.012646504677832127,
blstm,gb1,r3,train distance 2,0,test_dist3,0.3498382495008096,0.1146894335590527,0.06980653355518977,
blstm,gb1,r3,train distance 2,0,test_dist4,0.23176776147824973,0.03463149006563271,0.16789594168464342,
blstm,gb1,r3,train distance 3,0,train,0.9623027288847857,0.9251374135205362,0.0044291393979537215,29.0
blstm,gb1,r3,train distance 3,0,test_dist1,0.5453551927408252,-0.8490385385674268,3.3624755815253593e-06,
blstm,gb1,r3,train distance 3,0,test_dist2,0.8012156486600497,0.443394213315878,0.002378316828981042,
blstm,gb1,r3,train distance 3,0,test_dist3,0.9194963343554315,0.8445148467135623,0.012949338182806969,
blstm,gb1,r3,train distance 3,0,test_dist4,0.8085890595327789,0.6509150871356749,0.060642202074329056,
blstm,gb1,r3,train distance 4,0,train,0.9962566952338926,0.9924357645248256,0.0011829206524160297,83.0
blstm,gb1,r3,train distance 4,0,test_dist1,-0.25646540482603813,-2.553037536886109,6.461196790041868e-06,
blstm,gb1,r3,train distance 4,0,test_dist2,0.989981744647641,0.9706525107953718,0.00012539868475869298,
blstm,gb1,r3,train distance 4,0,test_dist3,0.990129365995164,0.9803314245457766,0.001570416420387725,
blstm,gb1,r3,train distance 4,0,test_dist4,0.9857855458594659,0.9714393619287041,0.004948398855049163,
cnn,gb1,r0,train distance 1,0,train,0.05041390661462839,-2.842409504568421,6.770563777536154e-05,18.0
cnn,gb1,r0,train distance 1,0,test_dist1,0.0699315810477273,-6.771299370675536,3.6717072362080216e-05,
cnn,gb1,r0,train distance 1,0,test_dist2,0.01675466603340805,-0.0067918237296134,0.013799113221466541,
cnn,gb1,r0,train distance 1,0,test_dist3,0.07671564250382991,-0.01286420227045526,0.08861928433179855,
cnn,gb1,r0,train distance 1,0,test_dist4,0.022696369121287162,-0.03751525421523949,0.1998522182305654,
cnn,gb1,r0,train distance 2,0,train,0.7077777868635461,0.4919968321201651,0.0025807893835008144,14.0
cnn,gb1,r0,train distance 2,0,test_dist1,0.6153848281693396,-26.862116931686835,0.00013164020492695272,
cnn,gb1,r0,train distance 2,0,test_dist2,0.23015580359687973,0.0415366398216932,0.013136723078787327,
cnn,gb1,r0,train distance 2,0,test_dist3,0.3985363668852888,0.09405704731043385,0.07939298699299495,
cnn,gb1,r0,train distance 2,0,test_dist4,0.37511474914142856,0.03301536352393686,0.18622603143254915,
cnn,gb1,r0,train distance 3,0,train,0.9765572735442304,0.9533138644429705,0.003380455343479601,44.0
cnn,gb1,r0,train distance 3,0,test_dist1,0.6505565754718253,-3.188130481378459,1.9787668861681595e-05,
cnn,gb1,r0,train distance 3,0,test_dist2,0.97843440193697,0.9546602135223492,0.0006214282475411892,
cnn,gb1,r0,train distance 3,0,test_dist3,0.9491189440085785,0.9006440125898485,0.008352089052399,
cnn,gb1,r0,train distance 3,0,test_dist4,0.8209159807048173,0.5977449747311059,0.07737567958732446,
cnn,gb1,r0,train distance 4,0,train,0.9904900656915772,0.980862029646009,0.002947779377267333,50.0
cnn,gb1,r0,train distance 4,0,test_dist1,0.34712917238369584,-12.809969360362347,6.52479866403155e-05,
cnn,gb1,r0,train distance 4,0,test_dist2,0.9869243140601281,0.957950727336016,0.0005763284279964864,
cnn,gb1,r0,train distance 4,0,test_dist3,0.9794434779564741,0.9587160487473754,0.003651557412619392,
cnn,gb1,r0,train distance 4,0,test_dist4,0.9768316601661099,0.9541037245119168,0.008837266592308879,
cnn,gb1,r1,train distance 1,0,train,0.3994472843369921,-0.19519055057336177,2.284939182572998e-05,31.0
cnn,gb1,r1,train distance 1,0,test_dist1,0.19579484217908902,-0.21528586112636328,3.793767609749921e-05,
cnn,gb1,r1,train distance 1,0,test_dist2,-0.013326998333336195,-0.03494961247745221,0.004946141038089991,
cnn,gb1,r1,train distance 1,0,test_dist3,0.03825670860817514,-0.031892724179861665,0.0602891743183136,
cnn,gb1,r1,train distance 1,0,test_dist4,0.027489552186488107,-0.05439081635017229,0.17509966591993967,
cnn,gb1,r1,train distance 2,0,train,0.9777286692697655,0.9370912476558547,0.0009941955795511603,16.0
cnn,gb1,r1,train distance 2,0,test_dist1,-0.24374622789137085,-1.509535622852476,7.834037387510762e-05,
cnn,gb1,r1,train distance 2,0,test_dist2,0.7863689396805782,0.10379774883756876,0.00428305147215724,
cnn,gb1,r1,train distance 2,0,test_dist3,0.5493280612687471,0.2968729532926778,0.04089344913760821,
cnn,gb1,r1,train distance 2,0,test_dist4,0.4247699234847763,0.13910487010019568,0.14296923081080118,
cnn,gb1,r1,train distance 3,0,train,0.985477754331042,0.9710526567653818,0.001743266724092378,34.0
cnn,gb1,r1,train distance 3,0,test_dist1,,-0.059851532218528236,3.308546729385853e-05,
cnn,gb1,r1,train distance 3,0,test_dist2,0.9675738905025751,0.6806762656390661,0.0015260842628777027,
cnn,gb1,r1,train distance 3,0,test_dist3,0.9524057105797102,0.9060046310787199,0.0049540716378639145,
cnn,gb1,r1,train distance 3,0,test_dist4,0.8067963811554951,0.6480065260662937,0.05833269221087297,
cnn,gb1,r1,train distance 4,0,train,0.9900089989846288,0.9801166498707808,0.0031810177182305163,50.0
cnn,gb1,r1,train distance 4,0,test_dist1,0.3654206570756425,-0.4724756527337881,4.5966386096552014e-05,
cnn,gb1,r1,train distance 4,0,test_dist2,0.9597009109894973,0.9101919526512918,0.00042920277337543666,
cnn,gb1,r1,train distance 4,0,test_dist3,0.9550829216393004,0.9121546054955583,0.004863220266997814,
cnn,gb1,r1,train distance 4,0,test_dist4,0.9781879006010631,0.9567956076850973,0.007152454073851307,
cnn,gb1,r2,train distance 1,0,train,0.14666839478486587,-2.217040986619697,5.476957812788896e-05,18.0
cnn,gb1,r2,train distance 1,0,test_dist1,-0.01006217849741812,-1.7609336269201927,6.254419713513926e-05,
cnn,gb1,r2,train distance 1,0,test_dist2,0.012437873075898446,-0.010015316024689191,0.020470360293984413,
cnn,gb1,r2,train distance 1,0,test_dist3,0.055428549682472426,-0.01736669120197809,0.057400827606519066,
cnn,gb1,r2,train distance 1,0,test_dist4,0.08643534575997541,-0.03702504151603381,0.18228124330441156,
cnn,gb1,r2,train distance 2,0,train,0.7472169069590024,0.5567017136138186,0.002417800948023796,22.0
cnn,gb1,r2,train distance 2,0,test_dist1,0.24986810621020938,-3.2037556361951465,9.522883919999003e-05,
cnn,gb1,r2,train distance 2,0,test_dist2,0.3389564337770328,0.1117557632503644,0.018002379685640335,
cnn,gb1,r2,train distance 2,0,test_dist3,0.5217815269910752,0.23711718935101522,0.042728014290332794,
cnn,gb1,r2,train distance 2,0,test_dist4,0.38607923529734517,0.09708760207290823,0.15871822958191237,
cnn,gb1,r2,train distance 3,0,train,0.9838698921196821,0.9676276595338114,0.0012177312958308241,34.0
cnn,gb1,r2,train distance 3,0,test_dist1,-0.02307354562221624,-0.3207818775851561,2.992003646795638e-05,
cnn,gb1,r2,train distance 3,0,test_dist2,0.976217434613781,0.9519374790939819,0.0009741012472659349,
cnn,gb1,r2,train distance 3,0,test_dist3,0.96312717654108,0.9123762034193218,0.0049048676155507565,
cnn,gb1,r2,train distance 3,0,test_dist4,0.705409339320089,0.433454387132323,0.09957770816981792,
cnn,gb1,r2,train distance 4,0,train,0.9895367972696313,0.9777110295880332,0.0035239147649825378,40.0
cnn,gb1,r2,train distance 4,0,test_dist1,0.18358752095334804,-1.467275270520794,5.5891869124025106e-05,
cnn,gb1,r2,train distance 4,0,test_dist2,0.9883251651188443,0.9507966883799269,0.000997222145088017,
cnn,gb1,r2,train distance 4,0,test_dist3,0.9656081948486019,0.9322340547027158,0.003722904482856393,
cnn,gb1,r2,train distance 4,0,test_dist4,0.974697507586623,0.9484537033070193,0.009067450223180154,
cnn,gb1,r3,train distance 1,0,train,0.13941049257837648,-2.2447464852740184,4.7879886551527306e-05,22.0
cnn,gb1,r3,train distance 1,0,test_dist1,0.3548597687880125,-63.41432151872333,0.0001171374024124816,
cnn,gb1,r3,train distance 1,0,test_dist2,-0.037652822522086016,-0.023034983443465107,0.004371318966150284,
cnn,gb1,r3,train distance 1,0,test_dist3,0.02243460264165689,-0.01812783842596244,0.08020065476497014,
cnn,gb1,r3,train distance 1,0,test_dist4,0.02661409676210331,-0.035176092946729964,0.18004263813296953,
cnn,gb1,r3,train distance 2,0,train,0.9372316895216358,0.8660669285220117,0.0005692614358849823,25.0
cnn,gb1,r3,train distance 2,0,test_dist1,-0.29519015445726493,-7.64868403765902,1.5727628124295734e-05,
cnn,gb1,r3,train distance 2,0,test_dist2,0.5674287135263777,0.07484724364198336,0.0039530787616968155,
cnn,gb1,r3,train distance 2,0,test_dist3,0.4164160105412408,0.11287381738237234,0.06975494573513667,
cnn,gb1,r3,train distance 2,0,test_dist4,0.30685070103743406,0.01409191450403291,0.17148431266347566,
cnn,gb1,r3,train distance 3,0,train,0.9766395004080985,0.9538090944986986,0.002733730711042881,33.0
cnn,gb1,r3,train distance 3,0,test_dist1,,-1.1201223450438529,3.8554412640223745e-06,
cnn,gb1,r3,train distance 3,0,test_dist2,0.9027441185269542,0.7786604320730218,0.0009457602864131331,
cnn,gb1,r3,train distance 3,0,test_dist3,0.9498585423646916,0.9014839124796333,0.00815319720034798,
cnn,gb1,r3,train distance 3,0,test_dist4,0.8193336935120015,0.5913412397174703,0.07088852860033512,
cnn,gb1,r3,train distance 4,0,train,0.9905342732312601,0.9803305609044364,0.0030924549614379216,45.0
cnn,gb1,r3,train distance 4,0,test_dist1,-0.12211481082089984,-26.961606531559642,5.084816802991554e-05,
cnn,gb1,r3,train distance 4,0,test_dist2,0.9596218236402384,0.7480078842629898,0.0010767353232949972,
cnn,gb1,r3,train distance 4,0,test_dist3,0.9784294333753649,0.9521288924457907,0.003719842371841272,
cnn,gb1,r3,train distance 4,0,test_dist4,0.9777750995481331,0.9559834494682887,0.00764987679819266,
gb,gb1,r0,train distance 1,0,train,1.0,1.0,7.722418161596648e-34,
gb,gb1,r0,train distance 1,0,test_dist1,0.3012158784926596,0.0676333631463164,4.40515411285584e-06,
gb,gb1,r0,train distance 1,0,test_dist2,0.21988846282545796,0.007750288971156261,0.013599800518109759,
gb,gb1,r0,train distance 1,0,test_dist3,0.19044752489011227,-0.012023984920511488,0.08365366912728524,
gb,gb1,r0,train distance 1,0,test_dist4,0.1792680221309474,-0.03591747947609769,0.19972495105306506,
gb,gb1,r0,train distance 2,0,train,0.9999998873446935,0.999999773408411,1.1511447610963315e-09,
gb,gb1,r0,train distance 2,0,test_dist1,0.8501377067682077,0.6742786147481912,1.5389363402460301e-06,
gb,gb1,r0,train distance 2,0,test_dist2,0.23860841281965414,0.016709949922689482,0.013476999170529214,
gb,gb1,r0,train distance 2,0,test_dist3,0.30453062406464376,0.06556134021159388,0.07724048405021045,
gb,gb1,r0,train distance 2,0,test_dist4,0.3756929488374509,0.12238919219078703,0.16920341543226206,
gb,gb1,r0,train distance 3,0,train,0.9999120051398965,0.9998165768313672,1.3773565690206519e-05,
gb,gb1,r0,train distance 3,0,test_dist1,-0.0780813856703006,-14.123275969964071,7.14529657171719e-05,
gb,gb1,r0,train distance 3,0,test_dist2,0.963453381133131,0.8711793209058606,0.0017656196004039967,
gb,gb1,r0,train distance 3,0,test_dist3,0.6958291524739755,0.4820046150053554,0.042817379026057596,
gb,gb1,r0,train distance 3,0,test_dist4,0.8192870876544911,0.6649707875379294,0.06459365189414001,
gb,gb1,r0,train distance 4,0,train,0.9964039512002144,0.992483055490393,0.001147087172980528,
gb,gb1,r0,train distance 4,0,test_dist1,-0.2281458624475122,-20.999470830335895,0.00010394093436884153,
gb,gb1,r0,train distance 4,0,test_dist2,0.9820226603889183,0.8283023010124403,0.0023532931576549384,
gb,gb1,r0,train distance 4,0,test_dist3,0.939184910013479,0.8754256396557634,0.01029728788769615,
gb,gb1,r0,train distance 4,0,test_dist4,0.9287386447263934,0.860470592717696,0.026901277941574066,
gb,gb1,r1,train distance 1,0,train,1.0,1.0,7.8088738982268e-36,
gb,gb1,r1,train distance 1,0,test_dist1,0.15110860541374901,-0.10747015258181492,3.4571980576838116e-05,
gb,gb1,r1,train distance 1,0,test_dist2,0.19129918335398682,0.0138891988623151,0.004712734152508249,
gb,gb1,r1,train distance 1,0,test_dist3,0.12623332737848947,-0.015586111112485757,0.05729426685389638,
gb,gb1,r1,train distance 1,0,test_dist4,0.1216972022317331,-0.037190629674057174,0.17218724782524605,
gb,gb1,r1,train distance 2,0,train,0.9999999524256413,0.9999999044804612,1.5095688883488516e-09,
gb,gb1,r1,train distance 2,0,test_dist1,0.24072850871796037,0.029937655439838284,3.028251050944544e-05,
gb,gb1,r1,train distance 2,0,test_dist2,0.23031553877485053,0.007929231803823877,0.004741217503742177,
gb,gb1,r1,train distance 2,0,test_dist3,0.6019956340142757,0.31217381585515336,0.038803698191897835,
gb,gb1,r1,train distance 2,0,test_dist4,0.4222873511353396,0.10498518683482883,0.14858419757433364,
gb,gb1,r1,train distance 3,0,train,0.9999111532248004,0.9998164434252462,1.0961752176095345e-05,
gb,gb1,r1,train distance 3,0,test_dist1,0.47978273352755846,-0.5253167340769944,4.761592931520591e-05,
gb,gb1,r1,train distance 3,0,test_dist2,0.932374204752935,0.8398294923969658,0.0007654728257053204,
gb,gb1,r1,train distance 3,0,test_dist3,0.803551619837706,0.6318061347033266,0.020771648353054985,
gb,gb1,r1,train distance 3,0,test_dist4,0.8095888776595083,0.6528328090136128,0.057634306983618884,
gb,gb1,r1,train distance 4,0,train,0.9964790648548729,0.992641592651319,0.001170576852700384,
gb,gb1,r1,train distance 4,0,test_dist1,0.63212688849633,-0.7970678264648625,5.609920398032051e-05,
gb,gb1,r1,train distance 4,0,test_dist2,0.9633601538709778,0.9228894244463934,0.0003685200917704072,
gb,gb1,r1,train distance 4,0,test_dist3,0.946976565373737,0.8923294369346026,0.006074232312827377,
gb,gb1,r1,train distance 4,0,test_dist4,0.927676653148229,0.8587186222270684,0.023454561689710624,
gb,gb1,r2,train distance 1,0,train,1.0,1.0,3.185607262043212e-36,
gb,gb1,r2,train distance 1,0,test_dist1,0.480281699326452,-0.22627552711880838,2.7779159047725954e-05,
gb,gb1,r2,train distance 1,0,test_dist2,-0.03349849289473592,-0.011075409841743156,0.02049184771255676,
gb,gb1,r2,train distance 1,0,test_dist3,-0.057346334459700624,-0.023295952995927127,0.05885029463783993,
gb,gb1,r2,train distance 1,0,test_dist4,-0.052828678197462224,-0.04339689023508031,0.18340676036441844,
gb,gb1,r2,train distance 2,0,train,0.9999999308173215,0.9999998608968467,7.586849063088802e-10,
gb,gb1,r2,train distance 2,0,test_dist1,0.4508385943066992,0.0053731025638787955,2.2531558500512488e-05,
gb,gb1,r2,train distance 2,0,test_dist2,0.21428145575248667,0.001148035906687217,0.02024411051475591,
gb,gb1,r2,train distance 2,0,test_dist3,0.6304291870641568,0.3854362691465263,0.035343887101839284,
gb,gb1,r2,train distance 2,0,test_dist4,0.4259956917496461,0.16182480102132035,0.14733319535564873,
gb,gb1,r2,train distance 3,0,train,0.9999124952428105,0.9998208411084325,6.753395231894031e-06,
gb,gb1,r2,train distance 3,0,test_dist1,0.0471300600803601,-1.3082672367946926,5.228981682952741e-05,
gb,gb1,r2,train distance 3,0,test_dist2,0.9944557597978101,0.9882924426886461,0.00023728149174139713,
gb,gb1,r2,train distance 3,0,test_dist3,0.8364407504010803,0.691281774432424,0.017754549386745488,
gb,gb1,r2,train distance 3,0,test_dist4,0.7842645478060841,0.5842053362762274,0.07308777030493968,
gb,gb1,r2,train distance 4,0,train,0.9965405545701994,0.9927673380744982,0.001135332376219634,
gb,gb1,r2,train distance 4,0,test_dist1,0.05509511347147251,-2.0888631511127302,6.997287220843895e-05,
gb,gb1,r2,train distance 4,0,test_dist2,0.9816313031208116,0.9573857478592753,0.0008636791645332463,
gb,gb1,r2,train distance 4,0,test_dist3,0.9510367918423672,0.9000649071905314,0.00574732035173065,
gb,gb1,r2,train distance 4,0,test_dist4,0.9253436661581066,0.853824554645887,0.025694503336293886,
gb,gb1,r3,train distance 1,0,train,1.0,1.0,5.128364014726307e-36,
gb,gb1,r3,train distance 1,0,test_dist1,0.0037776780217236875,-2.694969844897209,6.7193002154867295e-06,
gb,gb1,r3,train distance 1,0,test_dist2,0.2012869896869699,0.004978101783503552,0.0042516218073019195,
gb,gb1,r3,train distance 1,0,test_dist3,0.13017858785125697,-0.01863129944968489,0.08426889143852981,
gb,gb1,r3,train distance 1,0,test_dist4,0.12930511827105326,-0.03586770857951205,0.17985509369250652,
gb,gb1,r3,train distance 2,0,train,0.9999998386177381,0.9999996746521022,1.3828400622700632e-09,
gb,gb1,r3,train distance 2,0,test_dist1,-0.052375614264065985,-3.4538419023522584,8.099308549310201e-06,
gb,gb1,r3,train distance 2,0,test_dist2,0.5538566421399211,0.282171261676029,0.003067205177329855,
gb,gb1,r3,train distance 2,0,test_dist3,0.3857547250154032,0.1429961281708303,0.07089784721575725,
gb,gb1,r3,train distance 2,0,test_dist4,0.2828625535828972,0.06739497128275085,0.16192585542420015,
gb,gb1,r3,train distance 3,0,train,0.9998528139329279,0.9996935075593947,1.8192087432076513e-05,
gb,gb1,r3,train distance 3,0,test_dist1,0.13793987240229605,-152.46569859454934,0.00027907727124221323,
gb,gb1,r3,train distance 3,0,test_dist2,0.26857867914822703,-1.923802714967434,0.012493095283114451,
gb,gb1,r3,train distance 3,0,test_dist3,0.8058873264253887,0.62344142786445,0.031151775380043545,
gb,gb1,r3,train distance 3,0,test_dist4,0.7118768005377263,0.5032993923192677,0.08624087187160911,
gb,gb1,r3,train distance 4,0,train,0.9964069692666325,0.9924892178470242,0.0011749556628407962,
gb,gb1,r3,train distance 4,0,test_dist1,0.22864292068249137,-81.54218896654608,0.00015010291596171025,
gb,gb1,r3,train distance 4,0,test_dist2,0.6239716542534164,0.17336125239280153,0.003532138671909728,
gb,gb1,r3,train distance 4,0,test_dist3,0.9247514773466076,0.8531788919744612,0.012146153392079152,
gb,gb1,r3,train distance 4,0,test_dist4,0.9235537089259809,0.8495979596047413,0.026113926366068425,
linear,gb1,r0,train distance 1,0,train,-0.169423288281021,-644.998407156197,0.011382892727851868,150.0
linear,gb1,r0,train distance 1,0,test_dist1,0.3874087594216663,-2717.312912873863,0.012843218632042408,
linear,gb1,r0,train distance 1,0,test_dist2,-0.037403042893618364,-0.9049174818819674,0.02610884979367256,
linear,gb1,r0,train distance 1,0,test_dist3,0.006493104479263696,-0.14466436223393164,0.09924551099538803,
linear,gb1,r0,train distance 1,0,test_dist4,-0.00017074535536247353,-0.11054757723244091,0.21391832580169043,
linear,gb1,r0,train distance 2,0,train,0.34423078452702366,0.11835500269732313,0.004478987772017717,150.0
linear,gb1,r0,train distance 2,0,test_dist1,0.367184284185164,-33.801354767478024,0.00016442601918242872,
linear,gb1,r0,train distance 2,0,test_dist2,0.15485629277224927,0.02052511210021568,0.013424706645309925,
linear,gb1,r0,train distance 2,0,test_dist3,0.21172053235925067,0.02744229602283288,0.08512936780850093,
linear,gb1,r0,train distance 2,0,test_dist4,0.21103161943157014,0.010230518146896128,0.19062436744570732,
linear,gb1,r0,train distance 3,0,train,0.3700704707941491,0.13683028893828197,0.06186321269099911,70.0
linear,gb1,r0,train distance 3,0,test_dist1,0.5062615106476447,-588.8347190723448,0.002786793280392885,
linear,gb1,r0,train distance 3,0,test_dist2,0.33771742918742503,-0.04933813011932808,0.014382255263626575,
linear,gb1,r0,train distance 3,0,test_dist3,0.39560545968774535,0.15390798159109342,0.0737301620344321,
linear,gb1,r0,train distance 3,0,test_dist4,0.442911415447384,0.15007853463277665,0.1636661229034265,
linear,gb1,r0,train distance 4,0,train,0.43917393972367214,0.19286821775580187,0.12374386671236005,27.0
linear,gb1,r0,train distance 4,0,test_dist1,0.591300057246047,-1852.257325665366,0.008756088092923164,
linear,gb1,r0,train distance 4,0,test_dist2,0.3472218358582765,-0.4575326725703446,0.01997697912156582,
linear,gb1,r0,train distance 4,0,test_dist3,0.3878550039190152,0.1273930683454756,0.07548188418149948,
linear,gb1,r0,train distance 4,0,test_dist4,0.45439162696340146,0.20313315497820228,0.15344386485715708,
linear,gb1,r1,train distance 1,0,train,-0.03644597751949163,-394.25332005622465,0.007556366268545389,17.0
linear,gb1,r1,train distance 1,0,test_dist1,-0.1754514836791337,-139.43132352922134,0.00438385596498847,
linear,gb1,r1,train distance 1,0,test_dist2,-0.06539444045359426,-2.966020281206902,0.01895405724644661,
linear,gb1,r1,train distance 1,0,test_dist3,-0.0337582491718035,-0.3122842960249623,0.07588850210110347,
linear,gb1,r1,train distance 1,0,test_dist4,-0.005728056308052397,-0.1057129126615568,0.1835916961232821,
linear,gb1,r1,train distance 2,0,train,0.22389887413823087,0.04970294571864997,0.015018278732895851,150.0
linear,gb1,r1,train distance 2,0,test_dist1,0.18962935992457902,-78.71714701226104,0.0024885365273803473,
linear,gb1,r1,train distance 2,0,test_dist2,0.24098654887073725,0.04081645135019141,0.004584046080708504,
linear,gb1,r1,train distance 2,0,test_dist3,0.2361229589540134,-0.012954052228172364,0.059110186994075775,
linear,gb1,r1,train distance 2,0,test_dist4,0.2606701591293138,-0.07377794637872648,0.17831188067793846,
linear,gb1,r1,train distance 3,0,train,0.38757890273913537,0.14934725088320633,0.05111635069955479,44.0
linear,gb1,r1,train distance 3,0,test_dist1,0.08119538640924359,-176.93366150893766,0.005554568953812122,
linear,gb1,r1,train distance 3,0,test_dist2,0.3716276837327625,-0.5725845570278325,0.007515558507293463,
linear,gb1,r1,train distance 3,0,test_dist3,0.3927991405618006,0.15381335232638993,0.049602204312880836,
linear,gb1,r1,train distance 3,0,test_dist4,0.43346683531539054,0.13279275470118268,0.14398587867617607,
linear,gb1,r1,train distance 4,0,train,0.4410015213837972,0.19445243221016695,0.1284282722084199,35.0
linear,gb1,r1,train distance 4,0,test_dist1,-0.05444151728212372,-400.23724580716964,0.012525455094873905,
linear,gb1,r1,train distance 4,0,test_dist2,0.3579280056848218,-2.164434939038342,0.01512319128960371,
linear,gb1,r1,train distance 4,0,test_dist3,0.3738500929563883,0.062492074472706216,0.0545242503285408,
linear,gb1,r1,train distance 4,0,test_dist4,0.44857169755965337,0.20083193314545944,0.13266693552335104,
linear,gb1,r2,train distance 1,0,train,0.2954623539625683,-331.20679788696793,0.005655764602124691,150.0
linear,gb1,r2,train distance 1,0,test_dist1,-0.10598300666586023,-321.0480368468185,0.0072954436764121056,
linear,gb1,r2,train distance 1,0,test_dist2,-0.053568339363929955,-0.5324893497495014,0.031059538945555687,
linear,gb1,r2,train distance 1,0,test_dist3,0.033370118211460256,-0.1601912159923502,0.06609972069660823,
linear,gb1,r2,train distance 1,0,test_dist4,0.05940566298934913,-0.053362554823083386,0.18515831977128983,
linear,gb1,r2,train distance 2,0,train,0.2258248620309012,0.04995251332834194,0.005181670188903809,150.0
linear,gb1,r2,train distance 2,0,test_dist1,0.10731542532118189,-31.45110100999122,0.0007351237582042813,
linear,gb1,r2,train distance 2,0,test_dist2,-0.0015559041675787693,-0.021338877887964403,0.020699862390756607,
linear,gb1,r2,train distance 2,0,test_dist3,0.1948860248292267,-0.019088928363013347,0.05756027748187383,
linear,gb1,r2,train distance 2,0,test_dist4,0.1758096225188694,-0.06916167222772929,0.18793119738499323,
linear,gb1,r2,train distance 3,0,train,0.3737627889418128,0.13969408930100002,0.032431444745849476,69.0
linear,gb1,r2,train distance 3,0,test_dist1,0.43681278103092225,-192.30286847236928,0.004378943704068661,
linear,gb1,r2,train distance 3,0,test_dist2,0.312085875612996,0.06601962568911202,0.018929334357380867,
linear,gb1,r2,train distance 3,0,test_dist3,0.3860218144925107,0.14241047382285765,0.04853379229704539,
linear,gb1,r2,train distance 3,0,test_dist4,0.43570044163127936,0.11665419750448713,0.1552695551266273,
linear,gb1,r2,train distance 4,0,train,0.43979955832782264,0.19340687855378624,0.12650248591425056,26.0
linear,gb1,r2,train distance 4,0,test_dist1,0.3433323121423987,-792.0648388844536,0.017965517938137054,
linear,gb1,r2,train distance 4,0,test_dist2,0.27163143650531596,-0.4197775002839732,0.028775164857506752,
linear,gb1,r2,train distance 4,0,test_dist3,0.3669036032559158,0.05683936842971493,0.05360215778152148,
linear,gb1,r2,train distance 4,0,test_dist4,0.4551933230879893,0.20574696126153202,0.13961858488619328,
linear,gb1,r3,train distance 1,0,train,0.004934009877136026,-872.6404410530223,0.012891548685729504,11.0
linear,gb1,r3,train distance 1,0,test_dist1,0.141460593593752,-5503.162854674067,0.010009316727519035,
linear,gb1,r3,train distance 1,0,test_dist2,0.020971710564926596,-4.646070173896734,0.024125050753355026,
linear,gb1,r3,train distance 1,0,test_dist3,-0.056431313389169624,-0.39628934143802796,0.11125250905752182,
linear,gb1,r3,train distance 1,0,test_dist4,-0.005306244342437692,-0.2145913159961108,0.2112316054602464,
linear,gb1,r3,train distance 2,0,train,0.25716486799180815,0.05749544541466445,0.004005967639386654,150.0
linear,gb1,r3,train distance 2,0,test_dist1,0.07220013407420538,-640.6908499255378,0.0011669144732877612,
linear,gb1,r3,train distance 2,0,test_dist2,0.32175758176020486,0.10009380539331048,0.00384520273655653,
linear,gb1,r3,train distance 2,0,test_dist3,0.2413275945778442,-0.011308778776751183,0.07978495955467224,
linear,gb1,r3,train distance 2,0,test_dist4,0.20214971938173168,-0.06935841320081737,0.18598571916421255,
linear,gb1,r3,train distance 3,0,train,0.38985170961771376,0.15197063631237162,0.05044137652624737,52.0
linear,gb1,r3,train distance 3,0,test_dist1,0.08388847692651567,-2098.1920373381427,0.0038173797074705362,
linear,gb1,r3,train distance 3,0,test_dist2,0.3899029747389877,-0.7567947092780429,0.007506595924496651,
linear,gb1,r3,train distance 3,0,test_dist3,0.4057792677125565,0.15909231120703105,0.06639539947112401,
linear,gb1,r3,train distance 3,0,test_dist4,0.4363844163488986,0.14389980768704025,0.14889070267478624,
linear,gb1,r3,train distance 4,0,train,0.4402746650083954,0.1937517948393459,0.12672660891282356,23.0
linear,gb1,r3,train distance 4,0,test_dist1,-0.12167629801051885,-6689.343716945326,0.012166386470198631,
linear,gb1,r3,train distance 4,0,test_dist2,0.36703806818244794,-2.6747843202768316,0.015701958909630775,
linear,gb1,r3,train distance 4,0,test_dist3,0.39468665692310545,0.13123385492967676,0.06917508939901988,
linear,gb1,r3,train distance 4,0,test_dist4,0.44856421117551215,0.20010945180105022,0.139113649725914,
mlp,gb1,r0,train distance 1,0,train,0.2432301423377429,-1.5855823720369298,4.5559565478470176e-05,11.0
mlp,gb1,r0,train distance 1,0,test_dist1,-0.06211769706695115,-6.974543177393915,3.7677338696084917e-05,
mlp,gb1,r0,train distance 1,0,test_dist2,0.018659813473675457,-0.0069575992238968265,0.013801386579871178,
mlp,gb1,r0,train distance 1,0,test_dist3,0.052842128517819,-0.018544078719070045,0.08909890055656433,
mlp,gb1,r0,train distance 1,0,test_dist4,-0.0201249895655811,-0.04433092739971789,0.20116257791717848,
mlp,gb1,r0,train distance 2,0,train,0.9121897789952815,0.8264423556152336,0.0008817182970233262,36.0
mlp,gb1,r0,train distance 2,0,test_dist1,0.630749509255051,-0.978845723870996,9.349456377094612e-06,
mlp,gb1,r0,train distance 2,0,test_dist2,0.2664306487009283,0.06721703754691488,0.012784747406840324,
mlp,gb1,r0,train distance 2,0,test_dist3,0.3158060697691513,0.07162973287927688,0.08110447476307552,
mlp,gb1,r0,train distance 2,0,test_dist4,0.398672706967797,0.03186072546963736,0.18646365776658058,
mlp,gb1,r0,train distance 3,0,train,0.9752156038785998,0.9498296487977198,0.0036486043779101842,28.0
mlp,gb1,r0,train distance 3,0,test_dist1,0.1691335174962085,-7.979976970025991,4.242771683493629e-05,
mlp,gb1,r0,train distance 3,0,test_dist2,0.9903495003703491,0.9787792838638149,0.00029085169080644846,
mlp,gb1,r0,train distance 3,0,test_dist3,0.9439092171416299,0.8908305217488467,0.009523469023406506,
mlp,gb1,r0,train distance 3,0,test_dist4,0.8774855137333477,0.7563205691160677,0.046994321358700596,
mlp,gb1,r0,train distance 4,0,train,0.995376996200367,0.9907731491722056,0.0014046572885768078,50.0
mlp,gb1,r0,train distance 4,0,test_dist1,-0.06058648673529062,-2.8406417330745444,1.8145885405829176e-05,
mlp,gb1,r0,train distance 4,0,test_dist2,0.9921358868453508,0.9239792337460493,0.0010419426253065467,
mlp,gb1,r0,train distance 4,0,test_dist3,0.9894548813244933,0.9789589821084796,0.0019099946366623044,
mlp,gb1,r0,train distance 4,0,test_dist4,0.9860488670326699,0.972043713399283,0.005373711872380227,
mlp,gb1,r1,train distance 1,0,train,0.1307271653445876,-0.6952121532688589,3.240869409637526e-05,15.0
mlp,gb1,r1,train distance 1,0,test_dist1,-0.5458559119961962,-0.7391795649204138,5.4292104323394597e-05,
mlp,gb1,r1,train distance 1,0,test_dist2,0.03492897403167902,-0.00047531325720595596,0.004781384486705065,
mlp,gb1,r1,train distance 1,0,test_dist3,0.02413697038826777,-0.0153580900369914,0.059349985172351204,
mlp,gb1,r1,train distance 1,0,test_dist4,0.05154971732035074,-0.034817949611370747,0.17184801337619623,
mlp,gb1,r1,train distance 2,0,train,0.953591471413292,0.7930830304742693,0.0032700684387236834,14.0
mlp,gb1,r1,train distance 2,0,test_dist1,0.02556230031683457,-0.22735029930241457,3.8314286939566955e-05,
mlp,gb1,r1,train distance 2,0,test_dist2,0.8262833256633646,0.40508735406713803,0.002843154827132821,
mlp,gb1,r1,train distance 2,0,test_dist3,0.5953893016187513,0.23241711682929134,0.04468231896559397,
mlp,gb1,r1,train distance 2,0,test_dist4,0.3729744301801505,0.027482670899115713,0.1615239456295967,
mlp,gb1,r1,train distance 3,0,train,0.9843663298607537,0.9689340420649114,0.0018654994491953403,29.0
mlp,gb1,r1,train distance 3,0,test_dist1,0.3681179226005196,-1.2000943318663309,6.868052150821313e-05,
mlp,gb1,r1,train distance 3,0,test_dist2,0.9794904097237978,0.8528541269214206,0.0007032267167232931,
mlp,gb1,r1,train distance 3,0,test_dist3,0.9430358204741882,0.887202092517596,0.006331878714263439,
mlp,gb1,r1,train distance 3,0,test_dist4,0.8640345046359948,0.7101260877413251,0.0481191702807943,
mlp,gb1,r1,train distance 4,0,train,0.9945247464609142,0.9887906208084043,0.0017971370119593596,40.0
mlp,gb1,r1,train distance 4,0,test_dist1,0.06676112718262875,-0.5800956459415954,4.9325968575431034e-05,
mlp,gb1,r1,train distance 4,0,test_dist2,0.9905386184509897,0.9402679469680173,0.00028546620160341263,
mlp,gb1,r1,train distance 4,0,test_dist3,0.9834561303435733,0.9671468769040382,0.0017929285919914644,
mlp,gb1,r1,train distance 4,0,test_dist4,0.9860967392713771,0.9723117764444734,0.004589923773892224,
mlp,gb1,r2,train distance 1,0,train,0.4491959345231255,0.17333452974446328,1.4073839338379912e-05,19.0
mlp,gb1,r2,train distance 1,0,test_dist1,-0.19172095191204572,-1.0861043981702898,4.725709732156247e-05,
mlp,gb1,r2,train distance 1,0,test_dist2,-0.12935788646753693,-0.013949190710857318,0.020550090819597244,
mlp,gb1,r2,train distance 1,0,test_dist3,-0.05542410808554979,-0.02091238602610801,0.05761451770861944,
mlp,gb1,r2,train distance 1,0,test_dist4,-0.029813418609531593,-0.040288723185828657,0.1828551528354486,
mlp,gb1,r2,train distance 2,0,train,0.8262976919620159,0.6810560212140705,0.001739557832479477,27.0
mlp,gb1,r2,train distance 2,0,test_dist1,0.25439085338016615,-1.7517665882452018,6.233653402887285e-05,
mlp,gb1,r2,train distance 2,0,test_dist2,0.2153849323554515,0.04166433485498022,0.019422950223088264,
mlp,gb1,r2,train distance 2,0,test_dist3,0.5689353588742824,0.19834964932695276,0.04502245162924131,
mlp,gb1,r2,train distance 2,0,test_dist4,0.3632574099420028,0.0061958576730754,0.17469764004151025,
mlp,gb1,r2,train distance 3,0,train,0.9797492167107749,0.9579638010554876,0.001576255819104104,23.0
mlp,gb1,r2,train distance 3,0,test_dist1,0.32450799531134306,-5.843154386210843,0.0001550198794575408,
mlp,gb1,r2,train distance 3,0,test_dist2,0.9662353315427235,0.9191931888095439,0.0016377420397475362,
mlp,gb1,r2,train distance 3,0,test_dist3,0.9514810647848092,0.8889493327048529,0.006152946346749862,
mlp,gb1,r2,train distance 3,0,test_dist4,0.8425854104412684,0.6398334214750907,0.06320349406450987,
mlp,gb1,r2,train distance 4,0,train,0.9947210935966628,0.9892963238120619,0.0016898340807035882,35.0
mlp,gb1,r2,train distance 4,0,test_dist1,0.5234273808714525,-0.027213423615617183,2.326975118194241e-05,
mlp,gb1,r2,train distance 4,0,test_dist2,0.9978531124548135,0.9925501713311973,0.0001509884896222502,
mlp,gb1,r2,train distance 4,0,test_dist3,0.9811530821985943,0.9622162698939122,0.0019734709057956934,
mlp,gb1,r2,train distance 4,0,test_dist4,0.9866347947529266,0.9733819135937835,0.004680009325966239,
mlp,gb1,r3,train distance 1,0,train,0.7073315499756441,0.36401895277845986,9.38461562327575e-06,23.0
mlp,gb1,r3,train distance 1,0,test_dist1,-0.3982650778833938,-9.794479518997916,1.9629755115602165e-05,
mlp,gb1,r3,train distance 1,0,test_dist2,0.07290380035099837,-0.020465491677534198,0.004360339604318142,
mlp,gb1,r3,train distance 1,0,test_dist3,0.09029469258154178,-0.02522038185758335,0.08076067020495732,
mlp,gb1,r3,train distance 1,0,test_dist4,0.08227482649647821,-0.043966391732984667,0.18156971037387848,
mlp,gb1,r3,train distance 2,0,train,0.9378888291210555,0.8774916693643954,0.000520702451467514,18.0
mlp,gb1,r3,train distance 2,0,test_dist1,-0.2683158219631468,-16.19893995608421,3.127626405330375e-05,
mlp,gb1,r3,train distance 2,0,test_dist2,0.6267005133950476,0.06704554960502973,0.003986414056271315,
mlp,gb1,r3,train distance 2,0,test_dist3,0.4733776829719076,0.12373151961410833,0.06908440714081128,
mlp,gb1,r3,train distance 2,0,test_dist4,0.3125025534627206,-0.00022253603870048266,0.17396403973301253,
mlp,gb1,r3,train distance 3,0,train,0.9822642013602165,0.9611288760531738,0.0023171734329397705,37.0
mlp,gb1,r3,train distance 3,0,test_dist1,-0.607547984417813,-33.91231831342229,6.348802708089352e-05,
mlp,gb1,r3,train distance 3,0,test_dist2,0.929586527530522,0.7700908493007999,0.00098237709607929,
mlp,gb1,r3,train distance 3,0,test_dist3,0.9478923219776603,0.897918263609237,0.008639478124678135,
mlp,gb1,r3,train distance 3,0,test_dist4,0.9018510059551287,0.7890811983898428,0.03656969405710697,
mlp,gb1,r3,train distance 4,0,train,0.9954411531119168,0.9907881151394377,0.0014426404098739406,56.0
mlp,gb1,r3,train distance 4,0,test_dist1,-0.24479969200214163,-60.79553410310947,0.00011237514263484627,
mlp,gb1,r3,train distance 4,0,test_dist2,0.9826764812669952,0.9499523263891247,0.0002138483541784808,
mlp,gb1,r3,train distance 4,0,test_dist3,0.9883852137648109,0.9762280779707893,0.0019529223985349138,
mlp,gb1,r3,train distance 4,0,test_dist4,0.9858704387751362,0.9713467271640057,0.004966317423774551,
rf,gb1,r0,train distance 1,0,train,0.9947034264153709,0.8559796462791448,2.5377279017789706e-06,
rf,gb1,r0,train distance 1,0,test_dist1,0.12258715568536754,-0.1433054949069963,5.401777266651171e-06,
rf,gb1,r0,train distance 1,0,test_dist2,0.22271456828133485,1.5091456516791446e-05,0.013705819337765749,
rf,gb1,r0,train distance 1,0,test_dist3,0.20106910746632556,-0.01656972308808702,0.08402941879554979,
rf,gb1,r0,train distance 1,0,test_dist4,0.1719146425786597,-0.04013425224072553,0.200537945090431,
rf,gb1,r0,train distance 2,0,train,0.9893798970873211,0.8725659134123092,0.0006473986161620198,
rf,gb1,r0,train distance 2,0,test_dist1,0.852330737136163,0.4994773777609468,2.364820019058411e-06,
rf,gb1,r0,train distance 2,0,test_dist2,0.23501913317384548,0.0455273457755655,0.013082027188482321,
rf,gb1,r0,train distance 2,0,test_dist3,0.3211786221846655,0.078752663728615,0.0761500922914316,
rf,gb1,r0,train distance 2,0,test_dist4,0.3881051253939922,0.04454752008600582,0.1842112943985276,
rf,gb1,r0,train distance 3,0,train,0.9812397168145247,0.9263411124030567,0.0055311743578860244,
rf,gb1,r0,train distance 3,0,test_dist1,0.881203375482747,0.609750620983171,1.8438118536894854e-06,
rf,gb1,r0,train distance 3,0,test_dist2,0.9576700896364834,0.8448499398844057,0.0021264907860310614,
rf,gb1,r0,train distance 3,0,test_dist3,0.7021921497418503,0.4855264242826297,0.042526267083652744,
rf,gb1,r0,train distance 3,0,test_dist4,0.8112144503642296,0.5166470201786013,0.09319048297650573,
rf,gb1,r0,train distance 4,0,train,0.9856948775125197,0.9620098768406475,0.005797300075895067,
rf,gb1,r0,train distance 4,0,test_dist1,0.864847197857118,0.5939800340313925,1.918323170618643e-06,
rf,gb1,r0,train distance 4,0,test_dist2,0.9806344109277073,0.8654717722648237,0.0018438474115111678,
rf,gb1,r0,train distance 4,0,test_dist3,0.9133560481906592,0.8061354368672909,0.016024800065467946,
rf,gb1,r0,train distance 4,0,test_dist4,0.8950468851591389,0.7918146851393804,0.040138140966144,
rf,gb1,r1,train distance 1,0,train,0.9936233273338432,0.8622982004315893,2.6325527819142752e-06,
rf,gb1,r1,train distance 1,0,test_dist1,0.04378472467547261,-0.0832046001399196,3.381448096770488e-05,
rf,gb1,r1,train distance 1,0,test_dist2,0.21964070852162795,0.003718459147536324,0.004761341258682129,
rf,gb1,r1,train distance 1,0,test_dist3,0.14437653705451417,-0.019763999665399545,0.05752996233950545,
rf,gb1,r1,train distance 1,0,test_dist4,0.1348030659359915,-0.04086531548942318,0.1727972938660295,
rf,gb1,r1,train distance 2,0,train,0.9955936762702928,0.8903449919778519,0.0017329626019598364,
rf,gb1,r1,train distance 2,0,test_dist1,0.4070044958420482,-1.5121818265479723,7.842297249314449e-05,
rf,gb1,r1,train distance 2,0,test_dist2,0.43144852728649163,0.17392661097318052,0.0039478974050922684,
rf,gb1,r1,train distance 2,0,test_dist3,0.6124617441733345,0.30296710781640646,0.03932309441191905,
rf,gb1,r1,train distance 2,0,test_dist4,0.43667312735304614,0.1153710016884778,0.14686001609321636,
rf,gb1,r1,train distance 3,0,train,0.9822765008410927,0.9428354368266822,0.003413790955738186,
rf,gb1,r1,train distance 3,0,test_dist1,0.4340756634338534,-0.4502351707410195,4.527210240187678e-05,
rf,gb1,r1,train distance 3,0,test_dist2,0.9064789165722783,0.7999491832779018,0.0009560652972421551,
rf,gb1,r1,train distance 3,0,test_dist3,0.783156188719897,0.5905734327330863,0.023097790276364997,
rf,gb1,r1,train distance 3,0,test_dist4,0.7648820349646659,0.5182987244384678,0.07996872950820615,
rf,gb1,r1,train distance 4,0,train,0.9852559680932436,0.9612249302667405,0.006168345531962525,
rf,gb1,r1,train distance 4,0,test_dist1,0.25329031587001705,0.05197789784708573,2.959447857410543e-05,
rf,gb1,r1,train distance 4,0,test_dist2,0.9526075617373018,0.9012384630109184,0.0004719924655380238,
rf,gb1,r1,train distance 4,0,test_dist3,0.909982360698462,0.8221825307121924,0.010031568396992157,
rf,gb1,r1,train distance 4,0,test_dist4,0.8915445657600386,0.7871242324151867,0.03534016939647305,
rf,gb1,r2,train distance 1,0,train,0.9837562533647571,0.8864852289743406,1.9325695681525367e-06,
rf,gb1,r2,train distance 1,0,test_dist1,0.27494745587278197,-0.301103284866554,2.947425296234009e-05,
rf,gb1,r2,train distance 1,0,test_dist2,-0.059623424270398157,-0.01134132465372284,0.020497237108618182,
rf,gb1,r2,train distance 1,0,test_dist3,-0.08250511565139183,-0.023556818516317968,0.05886529715269491,
rf,gb1,r2,train distance 1,0,test_dist4,-0.06351788554675342,-0.04409351647056603,0.18352921229256872,
rf,gb1,r2,train distance 2,0,train,0.9880238505032872,0.9006789764789956,0.0005417085062255259,
rf,gb1,r2,train distance 2,0,test_dist1,0.3228743422710589,-5.927503067567761,0.00015693064508081762,
rf,gb1,r2,train distance 2,0,test_dist2,0.15190884076006983,0.019091131708499964,0.019880451006193525,
rf,gb1,r2,train distance 2,0,test_dist3,0.623444213771449,0.23329829010408953,0.04409342321213069,
rf,gb1,r2,train distance 2,0,test_dist4,0.4377704775370512,0.05832490633000975,0.16552625358789524,
rf,gb1,r2,train distance 3,0,train,0.9824878699836254,0.948458947698363,0.0019428402007589842,
rf,gb1,r2,train distance 3,0,test_dist1,0.06701497904770325,-3.806539262349376,0.00010888386474747479,
rf,gb1,r2,train distance 3,0,test_dist2,0.9923396699460323,0.9722312754521252,0.000562799242339456,
rf,gb1,r2,train distance 3,0,test_dist3,0.8406414282437182,0.6754138701157935,0.018667121005527677,
rf,gb1,r2,train distance 3,0,test_dist4,0.7424775847285578,0.42301089127265,0.10142229116035997,
rf,gb1,r2,train distance 4,0,train,0.9854698669043223,0.9617987865590735,0.005996557681956295,
rf,gb1,r2,train distance 4,0,test_dist1,0.3947869197976079,0.09500302230373847,2.05011471118595e-05,
rf,gb1,r2,train distance 4,0,test_dist2,0.9969954849067328,0.9921937272352501,0.00015821268239821218,
rf,gb1,r2,train distance 4,0,test_dist3,0.9262692067987273,0.8495270259457718,0.00865378078765706,
rf,gb1,r2,train distance 4,0,test_dist4,0.8917312850223089,0.7856173389007407,0.03768386672271895,
rf,gb1,r3,train distance 1,0,train,0.9884134081061343,0.8726121663122137,1.879750885100069e-06,
rf,gb1,r3,train distance 1,0,test_dist1,-0.06638407506232791,-2.537213793396,6.432420940325582e-06,
rf,gb1,r3,train distance 1,0,test_dist2,0.17203668376267126,-0.010706701899385829,0.00431864129049214,
rf,gb1,r3,train distance 1,0,test_dist3,0.12747709666809012,-0.022675146936307122,0.08460342911180596,
rf,gb1,r3,train distance 1,0,test_dist4,0.11989695750899601,-0.04005744486856244,0.18058254702131757,
rf,gb1,r3,train distance 2,0,train,0.9841161027595331,0.9005639687157663,0.0004226372096284288,
rf,gb1,r3,train distance 2,0,test_dist1,-0.26366791968827896,-10.16977360105529,2.03122258949306e-05,
rf,gb1,r3,train distance 2,0,test_dist2,0.5934254977627306,0.33588158578802807,0.002837706725405188,
rf,gb1,r3,train distance 2,0,test_dist3,0.4070564001557003,0.09753505977216403,0.0746587309031488,
rf,gb1,r3,train distance 2,0,test_dist4,0.2966705794651648,0.029189328991441,0.16855940458976765,
rf,gb1,r3,train distance 3,0,train,0.9808412212362669,0.9329615233225736,0.003979118788771844,
rf,gb1,r3,train distance 3,0,test_dist1,-0.22197503633278023,-6.390565697070694,1.3439738824790716e-05,
rf,gb1,r3,train distance 3,0,test_dist2,0.43843674914149355,-0.6783425913745638,0.007171377810279238,
rf,gb1,r3,train distance 3,0,test_dist3,0.769169337710942,0.5463196493150458,0.03753187266120617,
rf,gb1,r3,train distance 3,0,test_dist4,0.7568203165348377,0.3882446264194438,0.10621754025241892,
rf,gb1,r3,train distance 4,0,train,0.9854622465299434,0.9615817030501385,0.006009999310132376,
rf,gb1,r3,train distance 4,0,test_dist1,-0.21687266907563157,-10.570004334340965,2.104004521830742e-05,
rf,gb1,r3,train distance 4,0,test_dist2,0.7321787961941683,0.5309250128704956,0.0020043070892352788,
rf,gb1,r3,train distance 4,0,test_dist3,0.9212574161162629,0.822321448979405,0.014698914646544669,
rf,gb1,r3,train distance 4,0,test_dist4,0.8873112768972321,0.7794250857310355,0.03829786520371684,
transformer,gb1,r0,train distance 1,0,train,0.052906496194548784,-7.580469004213299,0.0001511931768618524,26.0
transformer,gb1,r0,train distance 1,0,test_dist1,-0.6323585032666907,-51.80049711132346,0.0002494665968697518,
transformer,gb1,r0,train distance 1,0,test_dist2,-0.03256651093873745,-0.040587430608342245,0.01426231674849987,
transformer,gb1,r0,train distance 1,0,test_dist3,-0.03186391989218926,-0.038587663922904136,0.09069916730125745,
transformer,gb1,r0,train distance 1,0,test_dist4,0.0022018175567115124,-0.05789740626274131,0.20378010223309198,
transformer,gb1,r0,train distance 2,0,train,0.7206403702049315,0.5186217058841949,0.002445528283715248,41.0
transformer,gb1,r0,train distance 2,0,test_dist1,0.22681546703120958,-4.020610741936138,2.372088965785224e-05,
transformer,gb1,r0,train distance 2,0,test_dist2,0.23010195590530888,0.036000439758724356,0.013212602585554123,
transformer,gb1,r0,train distance 2,0,test_dist3,0.3489564330336331,0.08927348879575348,0.07964625209569931,
transformer,gb1,r0,train distance 2,0,test_dist4,0.3717499859059769,0.05117206142958042,0.18275805997351804,
transformer,gb1,r0,train distance 3,0,train,0.5528537909120098,0.2864464691775854,0.05139775387942791,11.0
transformer,gb1,r0,train distance 3,0,test_dist1,0.4969651249205971,-308.215149760701,0.0014609494246542454,
transformer,gb1,r0,train distance 3,0,test_dist2,0.636227943750379,-0.14111909711333137,0.01564020663499832,
transformer,gb1,r0,train distance 3,0,test_dist3,0.5926375019126453,0.3419888773045917,0.05651019265254339,
transformer,gb1,r0,train distance 3,0,test_dist4,0.5104070495180664,0.24230108286330876,0.1459066184858481,
transformer,gb1,r0,train distance 4,0,train,0.8933404895786416,0.7817866629817405,0.03339846706080992,57.0
transformer,gb1,r0,train distance 4,0,test_dist1,-0.041829562882015864,-39.7283430968107,0.00019242928829044104,
transformer,gb1,r0,train distance 4,0,test_dist2,0.971880039433777,0.7218990721379772,0.003811658825725317,
transformer,gb1,r0,train distance 4,0,test_dist3,0.9175320061842404,0.8383873830459747,0.013954699349900087,
transformer,gb1,r0,train distance 4,0,test_dist4,0.889160709236409,0.7750840554557248,0.04322059235225121,
transformer,gb1,r1,train distance 1,0,train,-0.2691501508909763,-8.816514360034404,0.0001876699534477666,29.0
transformer,gb1,r1,train distance 1,0,test_dist1,0.028529488809917996,-6.4530786452188815,0.00023266335483640432,
transformer,gb1,r1,train distance 1,0,test_dist2,-0.12818032505538055,-0.14487844665906957,0.005471503362059593,
transformer,gb1,r1,train distance 1,0,test_dist3,-0.06495452247708018,-0.052423522160202074,0.061452301839987435,
transformer,gb1,r1,train distance 1,0,test_dist4,-0.0774216009604526,-0.06827414868978332,0.1774021970729033,
transformer,gb1,r1,train distance 2,0,train,0.2008525572637649,0.029739518782154084,0.015333774499595165,13.0
transformer,gb1,r1,train distance 2,0,test_dist1,-0.12512923880952614,-7.962124559613228,0.0002797713677864522,
transformer,gb1,r1,train distance 2,0,test_dist2,0.3103959048483547,0.0793844308173891,0.0043997252359986305,
transformer,gb1,r1,train distance 2,0,test_dist3,0.17563345288989848,0.0027943016317881764,0.058284543454647064,
transformer,gb1,r1,train distance 2,0,test_dist4,0.22366063458049149,-0.017902426148664663,0.16903908674915633,
transformer,gb1,r1,train distance 3,0,train,0.590081797876515,0.33432148420254304,0.04004581662064249,15.0
transformer,gb1,r1,train distance 3,0,test_dist1,-0.09031490892051117,-4.191382481039617,0.0001620597904548049,
transformer,gb1,r1,train distance 3,0,test_dist2,0.7524838431268277,0.4514636945559771,0.0026215165853500366,
transformer,gb1,r1,train distance 3,0,test_dist3,0.5305043992125353,0.28096449640955423,0.04163947204748789,
transformer,gb1,r1,train distance 3,0,test_dist4,0.5179536290178786,0.24656874230228232,0.12509631551802158,
transformer,gb1,r1,train distance 4,0,train,0.8788946139275667,0.7693451674057955,0.03683642339024503,36.0
transformer,gb1,r1,train distance 4,0,test_dist1,-0.450179445767249,-7.1437785530763485,0.0002542249858379364,
transformer,gb1,r1,train distance 4,0,test_dist2,0.7973170942933491,0.471497976158875,0.002525770803913474,
transformer,gb1,r1,train distance 4,0,test_dist3,0.7482368868644774,0.5536055879100233,0.025064775720238686,
transformer,gb1,r1,train distance 4,0,test_dist4,0.8752429022263368,0.761561668219804,0.03958734264597297,
transformer,gb1,r2,train distance 1,0,train,0.10022416400899922,-8.156359281777283,0.00015588545647915453,44.0
transformer,gb1,r2,train distance 1,0,test_dist1,0.05365753742773521,-0.9527153803618869,4.4235403038328514e-05,
transformer,gb1,r2,train distance 1,0,test_dist2,0.06037885567854376,-0.007134118567413639,0.020411968231201172,
transformer,gb1,r2,train distance 1,0,test_dist3,0.04012094982655906,-0.0239649216215454,0.057778129975001015,
transformer,gb1,r2,train distance 1,0,test_dist4,0.10893387353401715,-0.04144874144588817,0.18306324382623038,
transformer,gb1,r2,train distance 2,0,train,0.7693044076105229,0.5390519767254285,0.002514064544811845,74.0
transformer,gb1,r2,train distance 2,0,test_dist1,-0.12525786470451342,-1.0040396390550188,4.5398064685286954e-05,
transformer,gb1,r2,train distance 2,0,test_dist2,0.058528807483827626,-0.029406706432767216,0.020863374695181847,
transformer,gb1,r2,train distance 2,0,test_dist3,0.4405309982798476,0.1664013041200313,0.04682557905713717,
transformer,gb1,r2,train distance 2,0,test_dist4,0.3102265965465119,0.05706853007571999,0.16576438769698143,
transformer,gb1,r2,train distance 3,0,train,0.8308679249401454,0.6798786984769054,0.012043447530066425,47.0
transformer,gb1,r2,train distance 3,0,test_dist1,0.003973543818084445,-0.08022680231866453,2.447068072797265e-05,
transformer,gb1,r2,train distance 3,0,test_dist2,0.9589868694407265,0.9033721721850475,0.001958392560482025,
transformer,gb1,r2,train distance 3,0,test_dist3,0.7976739405007595,0.6169022767688271,0.021443598593274753,
transformer,gb1,r2,train distance 3,0,test_dist4,0.5867501249234527,0.22775759379084481,0.13579569570720196,
transformer,gb1,r2,train distance 4,0,train,0.8453305401496093,0.7129576995720592,0.04504539113554914,24.0
transformer,gb1,r2,train distance 4,0,test_dist1,0.23000917967754517,-6.213252979207459,0.00016340383444912732,
transformer,gb1,r2,train distance 4,0,test_dist2,0.8722065076847558,0.7490116121175963,0.005086876451969147,
transformer,gb1,r2,train distance 4,0,test_dist3,0.8438710711354545,0.7075129747485913,0.016213202849030495,
transformer,gb1,r2,train distance 4,0,test_dist4,0.8426694597547758,0.7073378410963527,0.05148078563312689,
transformer,gb1,r3,train distance 1,0,train,0.042010560556141205,-3.7665581041877934,7.033593283267692e-05,27.0
transformer,gb1,r3,train distance 1,0,test_dist1,0.13363291514774522,-43.68749003494556,8.126418106257915e-05,
transformer,gb1,r3,train distance 1,0,test_dist2,0.03295364307201407,-0.028483341580958,0.004394599236547947,
transformer,gb1,r3,train distance 1,0,test_dist3,-0.01257887410277953,-0.022380421097480507,0.08062197019656499,
transformer,gb1,r3,train distance 1,0,test_dist4,0.03067917804625249,-0.032630331719827765,0.17959796264767647,
transformer,gb1,r3,train distance 2,0,train,0.685721180995821,0.311495898708086,0.002926378510892391,41.0
transformer,gb1,r3,train distance 2,0,test_dist1,-0.7435273659521096,-34.82513818827045,6.514798587886617e-05,
transformer,gb1,r3,train distance 2,0,test_dist2,0.6109332171845194,0.32183868277830696,0.002897710306569934,
transformer,gb1,r3,train distance 2,0,test_dist3,0.35777229879442596,0.041581300993878245,0.07548896720012029,
transformer,gb1,r3,train distance 2,0,test_dist4,0.27557071921706866,-0.0040132998175557155,0.17462283869584402,
transformer,gb1,r3,train distance 3,0,train,0.7678330450650945,0.5805142556043689,0.02487582340836525,35.0
transformer,gb1,r3,train distance 3,0,test_dist1,-0.6640598159270971,-24.38028687457747,4.615403668140061e-05,
transformer,gb1,r3,train distance 3,0,test_dist2,0.4693666148285404,0.21955551226371806,0.0033347555436193943,
transformer,gb1,r3,train distance 3,0,test_dist3,0.7709486084942784,0.5729011217443696,0.03434277387956778,
transformer,gb1,r3,train distance 3,0,test_dist4,0.5670117151176239,0.32041787554061174,0.11807287049790223,
transformer,gb1,r3,train distance 4,0,train,0.8976004310599298,0.7848581455513814,0.03388159917036103,41.0
transformer,gb1,r3,train distance 4,0,test_dist1,0.552691617624566,-3.9364029582261315,8.976846402219962e-06,
transformer,gb1,r3,train distance 4,0,test_dist2,0.45017636716084,0.16601239904801923,0.0035635398235172033,
transformer,gb1,r3,train distance 4,0,test_dist3,0.8932339942686276,0.7870137754409701,0.017644803660611313,
transformer,gb1,r3,train distance 4,0,test_dist4,0.8856024694027593,0.7578716925942502,0.042124035147329174,
ulstm,gb1,r0,train distance 1,0,train,0.175601844942059,-0.327301751292316,2.3387879991787486e-05,23.0
ulstm,gb1,r0,train distance 1,0,test_dist1,0.013921219107046717,-3.0605512284804544,1.9184893972123973e-05,
ulstm,gb1,r0,train distance 1,0,test_dist2,0.09259527586681812,-0.0036671459138100104,0.013756289146840572,
ulstm,gb1,r0,train distance 1,0,test_dist3,0.047912570541155906,-0.018969946331531595,0.08915224174658458,
ulstm,gb1,r0,train distance 1,0,test_dist4,0.0477113769730094,-0.04188184864683864,0.20069409161806107,
ulstm,gb1,r0,train distance 2,0,train,0.8033385618301184,0.6201788993608595,0.0019295907113701105,27.0
ulstm,gb1,r0,train distance 2,0,test_dist1,0.5330099066752765,-23.37506154949976,0.00011516490485519171,
ulstm,gb1,r0,train distance 2,0,test_dist2,0.10467657905221474,-0.043798573634376003,0.014306330122053623,
ulstm,gb1,r0,train distance 2,0,test_dist3,0.19560265991534284,0.025543332125660734,0.08545099943876266,
ulstm,gb1,r0,train distance 2,0,test_dist4,0.27856463542917126,0.024286685172860145,0.18795648341377577,
ulstm,gb1,r0,train distance 3,0,train,0.9726668362307276,0.945701438689314,0.004085826605053929,54.0
ulstm,gb1,r0,train distance 3,0,test_dist1,0.09010692885414948,-3.6625599318139823,2.2029205865692347e-05,
ulstm,gb1,r0,train distance 3,0,test_dist2,0.9867370924795597,0.9220075346260533,0.001068966812454164,
ulstm,gb1,r0,train distance 3,0,test_dist3,0.9490754332424466,0.8995670033406742,0.008806616067886353,
ulstm,gb1,r0,train distance 3,0,test_dist4,0.8699875211224342,0.6991739735790355,0.058007839135825634,
ulstm,gb1,r0,train distance 4,0,train,0.9957015088354894,0.9914143095133533,0.0013068365791449482,85.0
ulstm,gb1,r0,train distance 4,0,test_dist1,0.4667531584666662,-0.12621968172700604,5.321052412909921e-06,
ulstm,gb1,r0,train distance 4,0,test_dist2,0.9949264139533829,0.9492574791800222,0.0006954783457331359,
ulstm,gb1,r0,train distance 4,0,test_dist3,0.9906473882208827,0.9804518722399155,0.0017709048309673865,
ulstm,gb1,r0,train distance 4,0,test_dist4,0.9843209684988112,0.9684883076112912,0.0060525786054010195,
ulstm,gb1,r1,train distance 1,0,train,0.5696972639087617,0.2705819154258543,1.3944854799774475e-05,28.0
ulstm,gb1,r1,train distance 1,0,test_dist1,0.5107551288109983,0.21529500710449678,2.449619751132559e-05,
ulstm,gb1,r1,train distance 1,0,test_dist2,0.08273402321832123,-0.0045594706153022635,0.004800902679562569,
ulstm,gb1,r1,train distance 1,0,test_dist3,0.024127074717876815,-0.02118618768564251,0.05968106538057327,
ulstm,gb1,r1,train distance 1,0,test_dist4,0.006333646095646072,-0.04153952057114019,0.1729637049138546,
ulstm,gb1,r1,train distance 2,0,train,0.27977521811958816,0.05915024569899163,0.01486897561699152,11.0
ulstm,gb1,r1,train distance 2,0,test_dist1,0.16612362354244256,-22.7963700729496,0.0007428531534969807,
ulstm,gb1,r1,train distance 2,0,test_dist2,0.35931752498630415,0.10264910855734832,0.0042885406874120235,
ulstm,gb1,r1,train distance 2,0,test_dist3,0.27955294529337493,0.03606442620431183,0.05635337779919306,
ulstm,gb1,r1,train distance 2,0,test_dist4,0.3193915878875195,0.011262267774423962,0.16419064874450365,
ulstm,gb1,r1,train distance 3,0,train,0.9445891101012218,0.8918208055583361,0.006468194007704204,22.0
ulstm,gb1,r1,train distance 3,0,test_dist1,0.2895472752726513,-5.125058521238857,0.00019120643264614046,
ulstm,gb1,r1,train distance 3,0,test_dist2,0.9441063760737685,0.5920889535363639,0.001949452911503613,
ulstm,gb1,r1,train distance 3,0,test_dist3,0.9039959132080455,0.8156929518847946,0.010138919577002525,
ulstm,gb1,r1,train distance 3,0,test_dist4,0.7197109843247576,0.5112534999836802,0.08125072966019313,
ulstm,gb1,r1,train distance 4,0,train,0.9952224455502622,0.9904306241019935,0.0015338298635778286,65.0
ulstm,gb1,r1,train distance 4,0,test_dist1,0.18337111215029003,-0.01105004977653179,3.15620272886008e-05,
ulstm,gb1,r1,train distance 4,0,test_dist2,0.9745575884686559,0.9487965404137987,0.0002447071310598403,
ulstm,gb1,r1,train distance 4,0,test_dist3,0.9778865797721246,0.9561803457515688,0.0023922609786192575,
ulstm,gb1,r1,train distance 4,0,test_dist4,0.9869665986674444,0.9737465874988579,0.00435136091740181,
ulstm,gb1,r2,train distance 1,0,train,0.16442788862802996,-0.4112553491926605,2.4026381652220152e-05,16.0
ulstm,gb1,r2,train distance 1,0,test_dist1,-0.559236837707205,-1.63315409447523,5.964957381365821e-05,
ulstm,gb1,r2,train distance 1,0,test_dist2,-0.0670297560992491,-0.014065960906801234,0.020552460104227066,
ulstm,gb1,r2,train distance 1,0,test_dist3,-0.12777064308741953,-0.0274727388663063,0.05798699085911115,
ulstm,gb1,r2,train distance 1,0,test_dist4,-0.11408230163318356,-0.046109945324368073,0.18388025214274725,
ulstm,gb1,r2,train distance 2,0,train,0.9256426480749054,0.853919671802281,0.0007967393030412495,62.0
ulstm,gb1,r2,train distance 2,0,test_dist1,-0.07875830552318396,-2.251859022204257,7.366525824181736e-05,
ulstm,gb1,r2,train distance 2,0,test_dist2,0.1657360121857071,0.014005024855645476,0.019983531907200813,
ulstm,gb1,r2,train distance 2,0,test_dist3,0.583445222807385,0.32610968940188867,0.03834530835350355,
ulstm,gb1,r2,train distance 2,0,test_dist4,0.3789900212135295,0.13027832618041757,0.15289758890867233,
ulstm,gb1,r2,train distance 3,0,train,0.9886496384092306,0.9770412263517644,0.000863442308565771,69.0
ulstm,gb1,r2,train distance 3,0,test_dist1,0.3486904858237635,-0.1426454364392853,2.5884664864861406e-05,
ulstm,gb1,r2,train distance 3,0,test_dist2,0.9931180577139469,0.9544621035290042,0.0009229338029399514,
ulstm,gb1,r2,train distance 3,0,test_dist3,0.9632894089575267,0.9243868949903413,0.004177088538805644,
ulstm,gb1,r2,train distance 3,0,test_dist4,0.8530111939614811,0.6289687872680585,0.06516246031969786,
ulstm,gb1,r2,train distance 4,0,train,0.9961587959095509,0.9923024116347435,0.001218241678404827,74.0
ulstm,gb1,r2,train distance 4,0,test_dist1,0.33257324856658776,-0.5778090865783028,3.5742548789130524e-05,
ulstm,gb1,r2,train distance 4,0,test_dist2,0.9979041722453095,0.9858203735367582,0.00028738382388837636,
ulstm,gb1,r2,train distance 4,0,test_dist3,0.9839151569680408,0.964467250111702,0.001925976403678457,
ulstm,gb1,r2,train distance 4,0,test_dist4,0.9867041007686391,0.9733598154014053,0.004699120880104601,
ulstm,gb1,r3,train distance 1,0,train,0.5814601361184357,0.15444626898239244,1.2477096788643394e-05,23.0
ulstm,gb1,r3,train distance 1,0,test_dist1,-0.0704000836781943,-14.190858569533164,2.7624568247119896e-05,
ulstm,gb1,r3,train distance 1,0,test_dist2,-0.03767927551316481,-0.019274876818826225,0.004355252254754305,
ulstm,gb1,r3,train distance 1,0,test_dist3,-0.03258797483738225,-0.02252890743930802,0.08055769155422847,
ulstm,gb1,r3,train distance 1,0,test_dist4,-0.05356206271380485,-0.039056750638896354,0.1807160216073195,
ulstm,gb1,r3,train distance 2,0,train,0.8831173864964583,0.7376981876396735,0.0011148725170642138,23.0
ulstm,gb1,r3,train distance 2,0,test_dist1,-0.48968817873831233,-15.291668093874083,2.9626389732584357e-05,
ulstm,gb1,r3,train distance 2,0,test_dist2,0.5092781056867286,-2.6539411102170187,0.015612900257110596,
ulstm,gb1,r3,train distance 2,0,test_dist3,0.3715612869233887,0.12739488094959983,0.06904060145219167,
ulstm,gb1,r3,train distance 2,0,test_dist4,0.2619084896691116,0.05004813839391664,0.1651984564960003,
ulstm,gb1,r3,train distance 3,0,train,0.9831461313736928,0.9665450043223309,0.0019905098174190657,64.0
ulstm,gb1,r3,train distance 3,0,test_dist1,-0.13538306157741334,-11.453541699468472,2.2646758225164376e-05,
ulstm,gb1,r3,train distance 3,0,test_dist2,0.9143218747084297,0.7432752488100165,0.0010969573631882668,
ulstm,gb1,r3,train distance 3,0,test_dist3,0.9485215272875093,0.8984680622190879,0.008248997696985802,
ulstm,gb1,r3,train distance 3,0,test_dist4,0.8481311797425608,0.7187748824753843,0.048878819992144905,
ulstm,gb1,r3,train distance 4,0,train,0.9942521315739982,0.9881839518740787,0.0018456542910810687,48.0
ulstm,gb1,r3,train distance 4,0,test_dist1,0.6013480774420173,-30.804161206471697,5.783584856544621e-05,
ulstm,gb1,r3,train distance 4,0,test_dist2,0.9646193357543678,0.9010658558545522,0.00042273502913303673,
ulstm,gb1,r3,train distance 4,0,test_dist3,0.9874694812727888,0.9732227136222267,0.0021900272307296595,
ulstm,gb1,r3,train distance 4,0,test_dist4,0.9837606195468017,0.9672528100048342,0.005669621091025571,
