model,landscape,replicate,fixed_site,data_split,mean_absolute_effects
blstm,k0,r5,0,G,0.026887167
blstm,k0,r5,0,C,0.06595384
blstm,k0,r5,0,F,0.13767098
blstm,k0,r5,0,E,0.20926572
blstm,k0,r5,0,D,0.018516796
blstm,k0,r5,1,G,0.080022685
blstm,k0,r5,1,C,0.1582057
blstm,k0,r5,1,F,0.083634384
blstm,k0,r5,1,E,0.10380701
blstm,k0,r5,1,D,0.0007388553
blstm,k0,r5,2,G,0.0884459
blstm,k0,r5,2,C,0.018834224
blstm,k0,r5,2,F,0.057612717
blstm,k0,r5,2,E,0.037069354
blstm,k0,r5,2,D,0.002626716
blstm,k0,r5,3,G,0.104350425
blstm,k0,r5,3,C,0.097211346
blstm,k0,r5,3,F,0.077082686
blstm,k0,r5,3,E,0.10333085
blstm,k0,r5,3,D,0.16658756
blstm,k0,r5,4,G,0.012230427
blstm,k0,r5,4,C,0.026050717
blstm,k0,r5,4,F,0.007124273
blstm,k0,r5,4,E,0.008586516
blstm,k0,r5,4,D,0.13546696
blstm,k0,r5,5,G,0.1078063
blstm,k0,r5,5,C,0.03099595
blstm,k0,r5,5,F,0.06437873
blstm,k0,r5,5,E,0.017312061
blstm,k0,r5,5,D,0.045977358
blstm,k1,r5,0,G,0.0506765
blstm,k1,r5,0,C,0.04852763
blstm,k1,r5,0,F,0.073999956
blstm,k1,r5,0,E,0.051311295
blstm,k1,r5,0,D,0.040704638
blstm,k1,r5,1,G,0.08576752
blstm,k1,r5,1,C,0.099412076
blstm,k1,r5,1,F,0.08357971
blstm,k1,r5,1,E,0.072515324
blstm,k1,r5,1,D,0.06383502
blstm,k1,r5,2,G,0.10224013
blstm,k1,r5,2,C,0.07781886
blstm,k1,r5,2,F,0.107619435
blstm,k1,r5,2,E,0.08244243
blstm,k1,r5,2,D,0.07888069
blstm,k1,r5,3,G,0.106817536
blstm,k1,r5,3,C,0.09672187
blstm,k1,r5,3,F,0.074708074
blstm,k1,r5,3,E,0.105752654
blstm,k1,r5,3,D,0.09279546
blstm,k1,r5,4,G,0.14312582
blstm,k1,r5,4,C,0.11789139
blstm,k1,r5,4,F,0.17354605
blstm,k1,r5,4,E,0.13469955
blstm,k1,r5,4,D,0.10070664
blstm,k1,r5,5,G,0.09757202
blstm,k1,r5,5,C,0.09053645
blstm,k1,r5,5,F,0.07501578
blstm,k1,r5,5,E,0.10705938
blstm,k1,r5,5,D,0.06831838
blstm,k2,r5,0,G,0.13866274
blstm,k2,r5,0,C,0.13080375
blstm,k2,r5,0,F,0.1453696
blstm,k2,r5,0,E,0.13695303
blstm,k2,r5,0,D,0.13802755
blstm,k2,r5,1,G,0.09178394
blstm,k2,r5,1,C,0.09918242
blstm,k2,r5,1,F,0.108903676
blstm,k2,r5,1,E,0.09850639
blstm,k2,r5,1,D,0.10634557
blstm,k2,r5,2,G,0.1373472
blstm,k2,r5,2,C,0.12915663
blstm,k2,r5,2,F,0.1277021
blstm,k2,r5,2,E,0.13266073
blstm,k2,r5,2,D,0.13138768
blstm,k2,r5,3,G,0.12616713
blstm,k2,r5,3,C,0.10874055
blstm,k2,r5,3,F,0.11432829
blstm,k2,r5,3,E,0.12024891
blstm,k2,r5,3,D,0.1107147
blstm,k2,r5,4,G,0.094351195
blstm,k2,r5,4,C,0.103057146
blstm,k2,r5,4,F,0.092079006
blstm,k2,r5,4,E,0.10350657
blstm,k2,r5,4,D,0.09508707
blstm,k2,r5,5,G,0.122522
blstm,k2,r5,5,C,0.10782463
blstm,k2,r5,5,F,0.116016604
blstm,k2,r5,5,E,0.11395496
blstm,k2,r5,5,D,0.10643843
blstm,k3,r5,0,G,0.12679785
blstm,k3,r5,0,C,0.12244049
blstm,k3,r5,0,F,0.12942113
blstm,k3,r5,0,E,0.1293582
blstm,k3,r5,0,D,0.1288059
blstm,k3,r5,1,G,0.1455886
blstm,k3,r5,1,C,0.14277211
blstm,k3,r5,1,F,0.14275014
blstm,k3,r5,1,E,0.14772017
blstm,k3,r5,1,D,0.14963412
blstm,k3,r5,2,G,0.09541907
blstm,k3,r5,2,C,0.09048322
blstm,k3,r5,2,F,0.090145834
blstm,k3,r5,2,E,0.090130545
blstm,k3,r5,2,D,0.08917218
blstm,k3,r5,3,G,0.115595445
blstm,k3,r5,3,C,0.111264735
blstm,k3,r5,3,F,0.10730357
blstm,k3,r5,3,E,0.10806739
blstm,k3,r5,3,D,0.107129745
blstm,k3,r5,4,G,0.15253593
blstm,k3,r5,4,C,0.13824967
blstm,k3,r5,4,F,0.14470077
blstm,k3,r5,4,E,0.14297871
blstm,k3,r5,4,D,0.14265646
blstm,k3,r5,5,G,0.1362309
blstm,k3,r5,5,C,0.13492244
blstm,k3,r5,5,F,0.142928
blstm,k3,r5,5,E,0.1366063
blstm,k3,r5,5,D,0.1438592
blstm,k4,r5,0,G,0.14686397
blstm,k4,r5,0,C,0.14743276
blstm,k4,r5,0,F,0.15179385
blstm,k4,r5,0,E,0.14916821
blstm,k4,r5,0,D,0.15244567
blstm,k4,r5,1,G,0.14929323
blstm,k4,r5,1,C,0.15100627
blstm,k4,r5,1,F,0.14873096
blstm,k4,r5,1,E,0.14677997
blstm,k4,r5,1,D,0.14628485
blstm,k4,r5,2,G,0.16607188
blstm,k4,r5,2,C,0.16284129
blstm,k4,r5,2,F,0.16036385
blstm,k4,r5,2,E,0.16135141
blstm,k4,r5,2,D,0.16515455
blstm,k4,r5,3,G,0.13311127
blstm,k4,r5,3,C,0.1371551
blstm,k4,r5,3,F,0.13129902
blstm,k4,r5,3,E,0.134846
blstm,k4,r5,3,D,0.13495818
blstm,k4,r5,4,G,0.15109444
blstm,k4,r5,4,C,0.15146029
blstm,k4,r5,4,F,0.14294225
blstm,k4,r5,4,E,0.14559701
blstm,k4,r5,4,D,0.15084785
blstm,k4,r5,5,G,0.14914328
blstm,k4,r5,5,C,0.15122192
blstm,k4,r5,5,F,0.14860137
blstm,k4,r5,5,E,0.15321824
blstm,k4,r5,5,D,0.14491388
blstm,k5,r5,0,G,0.16400123
blstm,k5,r5,0,C,0.16959623
blstm,k5,r5,0,F,0.17028674
blstm,k5,r5,0,E,0.1645964
blstm,k5,r5,0,D,0.158187
blstm,k5,r5,1,G,0.15704904
blstm,k5,r5,1,C,0.16035447
blstm,k5,r5,1,F,0.16680753
blstm,k5,r5,1,E,0.16098078
blstm,k5,r5,1,D,0.16000545
blstm,k5,r5,2,G,0.1615669
blstm,k5,r5,2,C,0.15842192
blstm,k5,r5,2,F,0.16538778
blstm,k5,r5,2,E,0.16569209
blstm,k5,r5,2,D,0.16277686
blstm,k5,r5,3,G,0.16049527
blstm,k5,r5,3,C,0.163749
blstm,k5,r5,3,F,0.17033115
blstm,k5,r5,3,E,0.16475432
blstm,k5,r5,3,D,0.16370921
blstm,k5,r5,4,G,0.16275169
blstm,k5,r5,4,C,0.16389601
blstm,k5,r5,4,F,0.16092479
blstm,k5,r5,4,E,0.16434366
blstm,k5,r5,4,D,0.16301697
blstm,k5,r5,5,G,0.16389826
blstm,k5,r5,5,C,0.16402291
blstm,k5,r5,5,F,0.15576056
blstm,k5,r5,5,E,0.1620995
blstm,k5,r5,5,D,0.16066225
cnn,k0,r5,0,G,0.026887167
cnn,k0,r5,0,C,0.065953836
cnn,k0,r5,0,F,0.13767098
cnn,k0,r5,0,E,0.20926572
cnn,k0,r5,0,D,0.018516798
cnn,k0,r5,1,G,0.080022685
cnn,k0,r5,1,C,0.15820572
cnn,k0,r5,1,F,0.083634384
cnn,k0,r5,1,E,0.10380701
cnn,k0,r5,1,D,0.0007388548
cnn,k0,r5,2,G,0.0884459
cnn,k0,r5,2,C,0.018834224
cnn,k0,r5,2,F,0.05761271
cnn,k0,r5,2,E,0.037069354
cnn,k0,r5,2,D,0.0026267164
cnn,k0,r5,3,G,0.104350425
cnn,k0,r5,3,C,0.097211346
cnn,k0,r5,3,F,0.07708269
cnn,k0,r5,3,E,0.10333085
cnn,k0,r5,3,D,0.16658756
cnn,k0,r5,4,G,0.012230427
cnn,k0,r5,4,C,0.026050717
cnn,k0,r5,4,F,0.0071242745
cnn,k0,r5,4,E,0.008586517
cnn,k0,r5,4,D,0.13546696
cnn,k0,r5,5,G,0.107806295
cnn,k0,r5,5,C,0.03099595
cnn,k0,r5,5,F,0.06437873
cnn,k0,r5,5,E,0.017312061
cnn,k0,r5,5,D,0.045977365
cnn,k1,r5,0,G,0.050371785
cnn,k1,r5,0,C,0.048867695
cnn,k1,r5,0,F,0.074476235
cnn,k1,r5,0,E,0.052366212
cnn,k1,r5,0,D,0.040355187
cnn,k1,r5,1,G,0.08764166
cnn,k1,r5,1,C,0.09931447
cnn,k1,r5,1,F,0.08328474
cnn,k1,r5,1,E,0.07183426
cnn,k1,r5,1,D,0.06369009
cnn,k1,r5,2,G,0.09700822
cnn,k1,r5,2,C,0.07818121
cnn,k1,r5,2,F,0.10752497
cnn,k1,r5,2,E,0.081196114
cnn,k1,r5,2,D,0.080745935
cnn,k1,r5,3,G,0.11245061
cnn,k1,r5,3,C,0.09506629
cnn,k1,r5,3,F,0.07328495
cnn,k1,r5,3,E,0.10073898
cnn,k1,r5,3,D,0.09238269
cnn,k1,r5,4,G,0.14369312
cnn,k1,r5,4,C,0.1190698
cnn,k1,r5,4,F,0.1786814
cnn,k1,r5,4,E,0.1334244
cnn,k1,r5,4,D,0.10428335
cnn,k1,r5,5,G,0.098516084
cnn,k1,r5,5,C,0.088612005
cnn,k1,r5,5,F,0.07266924
cnn,k1,r5,5,E,0.107448354
cnn,k1,r5,5,D,0.07044172
cnn,k2,r5,0,G,0.14493561
cnn,k2,r5,0,C,0.12604083
cnn,k2,r5,0,F,0.14567298
cnn,k2,r5,0,E,0.13313508
cnn,k2,r5,0,D,0.14111845
cnn,k2,r5,1,G,0.08864299
cnn,k2,r5,1,C,0.1019555
cnn,k2,r5,1,F,0.11184684
cnn,k2,r5,1,E,0.09728623
cnn,k2,r5,1,D,0.10714235
cnn,k2,r5,2,G,0.13525368
cnn,k2,r5,2,C,0.12939252
cnn,k2,r5,2,F,0.12914458
cnn,k2,r5,2,E,0.12922288
cnn,k2,r5,2,D,0.12909599
cnn,k2,r5,3,G,0.1238157
cnn,k2,r5,3,C,0.108776785
cnn,k2,r5,3,F,0.11783394
cnn,k2,r5,3,E,0.11805198
cnn,k2,r5,3,D,0.114992194
cnn,k2,r5,4,G,0.09696458
cnn,k2,r5,4,C,0.103140734
cnn,k2,r5,4,F,0.09313653
cnn,k2,r5,4,E,0.10359796
cnn,k2,r5,4,D,0.09419678
cnn,k2,r5,5,G,0.12644489
cnn,k2,r5,5,C,0.10929451
cnn,k2,r5,5,F,0.11397999
cnn,k2,r5,5,E,0.11549397
cnn,k2,r5,5,D,0.10472625
cnn,k3,r5,0,G,0.13019086
cnn,k3,r5,0,C,0.12192618
cnn,k3,r5,0,F,0.13376038
cnn,k3,r5,0,E,0.13061775
cnn,k3,r5,0,D,0.13064869
cnn,k3,r5,1,G,0.1448564
cnn,k3,r5,1,C,0.14509615
cnn,k3,r5,1,F,0.14878006
cnn,k3,r5,1,E,0.1465176
cnn,k3,r5,1,D,0.14689039
cnn,k3,r5,2,G,0.09591247
cnn,k3,r5,2,C,0.09205593
cnn,k3,r5,2,F,0.09071797
cnn,k3,r5,2,E,0.091192365
cnn,k3,r5,2,D,0.09170179
cnn,k3,r5,3,G,0.111582406
cnn,k3,r5,3,C,0.11174141
cnn,k3,r5,3,F,0.11025474
cnn,k3,r5,3,E,0.108439274
cnn,k3,r5,3,D,0.10941357
cnn,k3,r5,4,G,0.15125126
cnn,k3,r5,4,C,0.14371228
cnn,k3,r5,4,F,0.14652006
cnn,k3,r5,4,E,0.14476514
cnn,k3,r5,4,D,0.14413472
cnn,k3,r5,5,G,0.13941193
cnn,k3,r5,5,C,0.13543521
cnn,k3,r5,5,F,0.1431036
cnn,k3,r5,5,E,0.13700825
cnn,k3,r5,5,D,0.14330114
cnn,k4,r5,0,G,0.14733526
cnn,k4,r5,0,C,0.14892468
cnn,k4,r5,0,F,0.1481905
cnn,k4,r5,0,E,0.14700314
cnn,k4,r5,0,D,0.14977065
cnn,k4,r5,1,G,0.1500516
cnn,k4,r5,1,C,0.14952448
cnn,k4,r5,1,F,0.14732218
cnn,k4,r5,1,E,0.1533578
cnn,k4,r5,1,D,0.14601928
cnn,k4,r5,2,G,0.16551486
cnn,k4,r5,2,C,0.16083187
cnn,k4,r5,2,F,0.16495241
cnn,k4,r5,2,E,0.16092378
cnn,k4,r5,2,D,0.16227116
cnn,k4,r5,3,G,0.13849404
cnn,k4,r5,3,C,0.13320673
cnn,k4,r5,3,F,0.13407941
cnn,k4,r5,3,E,0.13675582
cnn,k4,r5,3,D,0.13452886
cnn,k4,r5,4,G,0.14609696
cnn,k4,r5,4,C,0.15093826
cnn,k4,r5,4,F,0.15042958
cnn,k4,r5,4,E,0.14549923
cnn,k4,r5,4,D,0.15011695
cnn,k4,r5,5,G,0.14645866
cnn,k4,r5,5,C,0.15544644
cnn,k4,r5,5,F,0.1513228
cnn,k4,r5,5,E,0.1534256
cnn,k4,r5,5,D,0.14598492
cnn,k5,r5,0,G,0.16620177
cnn,k5,r5,0,C,0.16663682
cnn,k5,r5,0,F,0.17091727
cnn,k5,r5,0,E,0.16618681
cnn,k5,r5,0,D,0.16731529
cnn,k5,r5,1,G,0.16131076
cnn,k5,r5,1,C,0.1693743
cnn,k5,r5,1,F,0.16810451
cnn,k5,r5,1,E,0.15633114
cnn,k5,r5,1,D,0.16558427
cnn,k5,r5,2,G,0.16091564
cnn,k5,r5,2,C,0.16088314
cnn,k5,r5,2,F,0.16212216
cnn,k5,r5,2,E,0.16392462
cnn,k5,r5,2,D,0.16182737
cnn,k5,r5,3,G,0.16751863
cnn,k5,r5,3,C,0.16307199
cnn,k5,r5,3,F,0.16430973
cnn,k5,r5,3,E,0.16823474
cnn,k5,r5,3,D,0.16446188
cnn,k5,r5,4,G,0.16647762
cnn,k5,r5,4,C,0.15921853
cnn,k5,r5,4,F,0.16563259
cnn,k5,r5,4,E,0.16871686
cnn,k5,r5,4,D,0.16302639
cnn,k5,r5,5,G,0.16063072
cnn,k5,r5,5,C,0.16739817
cnn,k5,r5,5,F,0.16262615
cnn,k5,r5,5,E,0.16194071
cnn,k5,r5,5,D,0.16502777
gb,k0,r5,0,G,0.026887167
gb,k0,r5,0,C,0.06595384
gb,k0,r5,0,F,0.13767098
gb,k0,r5,0,E,0.20926572
gb,k0,r5,0,D,0.018516798
gb,k0,r5,1,G,0.080022685
gb,k0,r5,1,C,0.15820572
gb,k0,r5,1,F,0.083634384
gb,k0,r5,1,E,0.10380701
gb,k0,r5,1,D,0.00073885557
gb,k0,r5,2,G,0.0884459
gb,k0,r5,2,C,0.018834224
gb,k0,r5,2,F,0.057612717
gb,k0,r5,2,E,0.037069354
gb,k0,r5,2,D,0.002626716
gb,k0,r5,3,G,0.104350425
gb,k0,r5,3,C,0.097211346
gb,k0,r5,3,F,0.077082686
gb,k0,r5,3,E,0.10333085
gb,k0,r5,3,D,0.16658756
gb,k0,r5,4,G,0.012230427
gb,k0,r5,4,C,0.026050717
gb,k0,r5,4,F,0.007124273
gb,k0,r5,4,E,0.008586516
gb,k0,r5,4,D,0.13546696
gb,k0,r5,5,G,0.107806295
gb,k0,r5,5,C,0.03099595
gb,k0,r5,5,F,0.06437873
gb,k0,r5,5,E,0.017312063
gb,k0,r5,5,D,0.045977365
gb,k1,r5,0,G,0.05164697
gb,k1,r5,0,C,0.048776228
gb,k1,r5,0,F,0.07314059
gb,k1,r5,0,E,0.050830673
gb,k1,r5,0,D,0.04039423
gb,k1,r5,1,G,0.08494792
gb,k1,r5,1,C,0.099784344
gb,k1,r5,1,F,0.08270819
gb,k1,r5,1,E,0.07053813
gb,k1,r5,1,D,0.06405785
gb,k1,r5,2,G,0.10177002
gb,k1,r5,2,C,0.07990481
gb,k1,r5,2,F,0.105898075
gb,k1,r5,2,E,0.08115633
gb,k1,r5,2,D,0.07914989
gb,k1,r5,3,G,0.11108455
gb,k1,r5,3,C,0.09558285
gb,k1,r5,3,F,0.07265376
gb,k1,r5,3,E,0.10009842
gb,k1,r5,3,D,0.09499618
gb,k1,r5,4,G,0.14446235
gb,k1,r5,4,C,0.11467933
gb,k1,r5,4,F,0.17711708
gb,k1,r5,4,E,0.13545723
gb,k1,r5,4,D,0.09779718
gb,k1,r5,5,G,0.09802897
gb,k1,r5,5,C,0.088945866
gb,k1,r5,5,F,0.07419634
gb,k1,r5,5,E,0.10813773
gb,k1,r5,5,D,0.07029184
gb,k2,r5,0,G,0.1446709
gb,k2,r5,0,C,0.13039997
gb,k2,r5,0,F,0.14093171
gb,k2,r5,0,E,0.13682085
gb,k2,r5,0,D,0.1385953
gb,k2,r5,1,G,0.09286797
gb,k2,r5,1,C,0.09852486
gb,k2,r5,1,F,0.108765766
gb,k2,r5,1,E,0.099654615
gb,k2,r5,1,D,0.10563181
gb,k2,r5,2,G,0.13988219
gb,k2,r5,2,C,0.13223831
gb,k2,r5,2,F,0.12540154
gb,k2,r5,2,E,0.13614064
gb,k2,r5,2,D,0.12919445
gb,k2,r5,3,G,0.123345464
gb,k2,r5,3,C,0.10908669
gb,k2,r5,3,F,0.11711548
gb,k2,r5,3,E,0.11471706
gb,k2,r5,3,D,0.11429749
gb,k2,r5,4,G,0.096338466
gb,k2,r5,4,C,0.10292778
gb,k2,r5,4,F,0.091357104
gb,k2,r5,4,E,0.1043027
gb,k2,r5,4,D,0.09626935
gb,k2,r5,5,G,0.12380169
gb,k2,r5,5,C,0.10867204
gb,k2,r5,5,F,0.112411596
gb,k2,r5,5,E,0.11304713
gb,k2,r5,5,D,0.10470599
gb,k3,r5,0,G,0.12589495
gb,k3,r5,0,C,0.12344139
gb,k3,r5,0,F,0.13322797
gb,k3,r5,0,E,0.12884054
gb,k3,r5,0,D,0.12947735
gb,k3,r5,1,G,0.13855475
gb,k3,r5,1,C,0.1476398
gb,k3,r5,1,F,0.14863499
gb,k3,r5,1,E,0.14638372
gb,k3,r5,1,D,0.14839007
gb,k3,r5,2,G,0.09412563
gb,k3,r5,2,C,0.09095131
gb,k3,r5,2,F,0.08954092
gb,k3,r5,2,E,0.09010243
gb,k3,r5,2,D,0.092683874
gb,k3,r5,3,G,0.11042956
gb,k3,r5,3,C,0.11573507
gb,k3,r5,3,F,0.10938565
gb,k3,r5,3,E,0.10957039
gb,k3,r5,3,D,0.10691302
gb,k3,r5,4,G,0.15108082
gb,k3,r5,4,C,0.14297096
gb,k3,r5,4,F,0.14597026
gb,k3,r5,4,E,0.14802012
gb,k3,r5,4,D,0.14535277
gb,k3,r5,5,G,0.12833303
gb,k3,r5,5,C,0.13577823
gb,k3,r5,5,F,0.13618793
gb,k3,r5,5,E,0.13643548
gb,k3,r5,5,D,0.13729362
gb,k4,r5,0,G,0.15023759
gb,k4,r5,0,C,0.14740425
gb,k4,r5,0,F,0.14879729
gb,k4,r5,0,E,0.14894253
gb,k4,r5,0,D,0.14822994
gb,k4,r5,1,G,0.14974095
gb,k4,r5,1,C,0.1463154
gb,k4,r5,1,F,0.15123995
gb,k4,r5,1,E,0.15121636
gb,k4,r5,1,D,0.14762808
gb,k4,r5,2,G,0.16053386
gb,k4,r5,2,C,0.15953101
gb,k4,r5,2,F,0.16621648
gb,k4,r5,2,E,0.16605353
gb,k4,r5,2,D,0.16482742
gb,k4,r5,3,G,0.13134941
gb,k4,r5,3,C,0.13803285
gb,k4,r5,3,F,0.1333098
gb,k4,r5,3,E,0.13316587
gb,k4,r5,3,D,0.13966115
gb,k4,r5,4,G,0.14505292
gb,k4,r5,4,C,0.15005054
gb,k4,r5,4,F,0.15189803
gb,k4,r5,4,E,0.15025623
gb,k4,r5,4,D,0.14961948
gb,k4,r5,5,G,0.14907923
gb,k4,r5,5,C,0.15004387
gb,k4,r5,5,F,0.15675874
gb,k4,r5,5,E,0.15318696
gb,k4,r5,5,D,0.14651795
gb,k5,r5,0,G,0.16081189
gb,k5,r5,0,C,0.16456553
gb,k5,r5,0,F,0.16988118
gb,k5,r5,0,E,0.16117267
gb,k5,r5,0,D,0.1597394
gb,k5,r5,1,G,0.16009998
gb,k5,r5,1,C,0.17181788
gb,k5,r5,1,F,0.16158494
gb,k5,r5,1,E,0.15919708
gb,k5,r5,1,D,0.16260101
gb,k5,r5,2,G,0.16107337
gb,k5,r5,2,C,0.15857606
gb,k5,r5,2,F,0.16311236
gb,k5,r5,2,E,0.16277239
gb,k5,r5,2,D,0.16188179
gb,k5,r5,3,G,0.16160421
gb,k5,r5,3,C,0.16291636
gb,k5,r5,3,F,0.15937671
gb,k5,r5,3,E,0.164088
gb,k5,r5,3,D,0.16888498
gb,k5,r5,4,G,0.16486283
gb,k5,r5,4,C,0.16240296
gb,k5,r5,4,F,0.1594617
gb,k5,r5,4,E,0.161535
gb,k5,r5,4,D,0.16850504
gb,k5,r5,5,G,0.16029432
gb,k5,r5,5,C,0.16357076
gb,k5,r5,5,F,0.15911008
gb,k5,r5,5,E,0.1625225
gb,k5,r5,5,D,0.16199803
linear,k0,r5,0,G,0.026887167
linear,k0,r5,0,C,0.06595384
linear,k0,r5,0,F,0.13767096
linear,k0,r5,0,E,0.20926572
linear,k0,r5,0,D,0.018516798
linear,k0,r5,1,G,0.080022685
linear,k0,r5,1,C,0.15820572
linear,k0,r5,1,F,0.083634384
linear,k0,r5,1,E,0.10380701
linear,k0,r5,1,D,0.00073885545
linear,k0,r5,2,G,0.0884459
linear,k0,r5,2,C,0.018834224
linear,k0,r5,2,F,0.057612717
linear,k0,r5,2,E,0.037069354
linear,k0,r5,2,D,0.002626716
linear,k0,r5,3,G,0.104350425
linear,k0,r5,3,C,0.097211346
linear,k0,r5,3,F,0.07708269
linear,k0,r5,3,E,0.10333085
linear,k0,r5,3,D,0.16658756
linear,k0,r5,4,G,0.012230428
linear,k0,r5,4,C,0.026050717
linear,k0,r5,4,F,0.007124274
linear,k0,r5,4,E,0.008586516
linear,k0,r5,4,D,0.13546695
linear,k0,r5,5,G,0.1078063
linear,k0,r5,5,C,0.03099595
linear,k0,r5,5,F,0.06437873
linear,k0,r5,5,E,0.017312063
linear,k0,r5,5,D,0.045977365
linear,k1,r5,0,G,0.050587475
linear,k1,r5,0,C,0.048292626
linear,k1,r5,0,F,0.074218504
linear,k1,r5,0,E,0.05130965
linear,k1,r5,0,D,0.040110786
linear,k1,r5,1,G,0.08342505
linear,k1,r5,1,C,0.09808117
linear,k1,r5,1,F,0.08456358
linear,k1,r5,1,E,0.07208596
linear,k1,r5,1,D,0.0635483
linear,k1,r5,2,G,0.10084827
linear,k1,r5,2,C,0.0786894
linear,k1,r5,2,F,0.107622154
linear,k1,r5,2,E,0.08032176
linear,k1,r5,2,D,0.079673685
linear,k1,r5,3,G,0.10892673
linear,k1,r5,3,C,0.097222336
linear,k1,r5,3,F,0.07418487
linear,k1,r5,3,E,0.10193414
linear,k1,r5,3,D,0.096818134
linear,k1,r5,4,G,0.1431746
linear,k1,r5,4,C,0.11556479
linear,k1,r5,4,F,0.17771088
linear,k1,r5,4,E,0.13526055
linear,k1,r5,4,D,0.10316954
linear,k1,r5,5,G,0.10009239
linear,k1,r5,5,C,0.08989417
linear,k1,r5,5,F,0.074145816
linear,k1,r5,5,E,0.107729904
linear,k1,r5,5,D,0.07152836
linear,k2,r5,0,G,0.14038004
linear,k2,r5,0,C,0.13121596
linear,k2,r5,0,F,0.14626785
linear,k2,r5,0,E,0.13420744
linear,k2,r5,0,D,0.13732398
linear,k2,r5,1,G,0.09092944
linear,k2,r5,1,C,0.098926514
linear,k2,r5,1,F,0.11051939
linear,k2,r5,1,E,0.09919233
linear,k2,r5,1,D,0.10880434
linear,k2,r5,2,G,0.13745145
linear,k2,r5,2,C,0.13235223
linear,k2,r5,2,F,0.12847058
linear,k2,r5,2,E,0.13164283
linear,k2,r5,2,D,0.1317536
linear,k2,r5,3,G,0.12590688
linear,k2,r5,3,C,0.10722761
linear,k2,r5,3,F,0.11861961
linear,k2,r5,3,E,0.12002682
linear,k2,r5,3,D,0.11110079
linear,k2,r5,4,G,0.094988324
linear,k2,r5,4,C,0.10184897
linear,k2,r5,4,F,0.09030967
linear,k2,r5,4,E,0.10566629
linear,k2,r5,4,D,0.095032394
linear,k2,r5,5,G,0.12596901
linear,k2,r5,5,C,0.10720694
linear,k2,r5,5,F,0.11353349
linear,k2,r5,5,E,0.117238715
linear,k2,r5,5,D,0.107437976
linear,k3,r5,0,G,0.122010976
linear,k3,r5,0,C,0.122157216
linear,k3,r5,0,F,0.12906161
linear,k3,r5,0,E,0.1289776
linear,k3,r5,0,D,0.12945275
linear,k3,r5,1,G,0.14177349
linear,k3,r5,1,C,0.14082476
linear,k3,r5,1,F,0.14847021
linear,k3,r5,1,E,0.14633489
linear,k3,r5,1,D,0.1471386
linear,k3,r5,2,G,0.09578177
linear,k3,r5,2,C,0.09620412
linear,k3,r5,2,F,0.09031846
linear,k3,r5,2,E,0.089123264
linear,k3,r5,2,D,0.08928859
linear,k3,r5,3,G,0.11111897
linear,k3,r5,3,C,0.11424997
linear,k3,r5,3,F,0.105014175
linear,k3,r5,3,E,0.109788746
linear,k3,r5,3,D,0.1047449
linear,k3,r5,4,G,0.15073617
linear,k3,r5,4,C,0.14562444
linear,k3,r5,4,F,0.14188516
linear,k3,r5,4,E,0.14851533
linear,k3,r5,4,D,0.14328083
linear,k3,r5,5,G,0.1346149
linear,k3,r5,5,C,0.14118782
linear,k3,r5,5,F,0.14154418
linear,k3,r5,5,E,0.13877346
linear,k3,r5,5,D,0.1395834
linear,k4,r5,0,G,0.1505082
linear,k4,r5,0,C,0.14415844
linear,k4,r5,0,F,0.14812058
linear,k4,r5,0,E,0.14889185
linear,k4,r5,0,D,0.15193674
linear,k4,r5,1,G,0.15445979
linear,k4,r5,1,C,0.1478285
linear,k4,r5,1,F,0.14849229
linear,k4,r5,1,E,0.15319791
linear,k4,r5,1,D,0.15181898
linear,k4,r5,2,G,0.16559835
linear,k4,r5,2,C,0.16118675
linear,k4,r5,2,F,0.16732194
linear,k4,r5,2,E,0.16530874
linear,k4,r5,2,D,0.15730898
linear,k4,r5,3,G,0.13613462
linear,k4,r5,3,C,0.13657825
linear,k4,r5,3,F,0.13062942
linear,k4,r5,3,E,0.13666762
linear,k4,r5,3,D,0.13301829
linear,k4,r5,4,G,0.1500241
linear,k4,r5,4,C,0.1480734
linear,k4,r5,4,F,0.14507553
linear,k4,r5,4,E,0.15065642
linear,k4,r5,4,D,0.14719793
linear,k4,r5,5,G,0.15218668
linear,k4,r5,5,C,0.15250109
linear,k4,r5,5,F,0.1466699
linear,k4,r5,5,E,0.14803064
linear,k4,r5,5,D,0.14681005
linear,k5,r5,0,G,0.16055049
linear,k5,r5,0,C,0.16252817
linear,k5,r5,0,F,0.16652936
linear,k5,r5,0,E,0.16162203
linear,k5,r5,0,D,0.16453856
linear,k5,r5,1,G,0.15730985
linear,k5,r5,1,C,0.16414467
linear,k5,r5,1,F,0.1633189
linear,k5,r5,1,E,0.16146272
linear,k5,r5,1,D,0.16511233
linear,k5,r5,2,G,0.1653431
linear,k5,r5,2,C,0.16562851
linear,k5,r5,2,F,0.16331498
linear,k5,r5,2,E,0.16967346
linear,k5,r5,2,D,0.16275504
linear,k5,r5,3,G,0.16482688
linear,k5,r5,3,C,0.16381486
linear,k5,r5,3,F,0.16112499
linear,k5,r5,3,E,0.15887663
linear,k5,r5,3,D,0.16672565
linear,k5,r5,4,G,0.16849396
linear,k5,r5,4,C,0.163593
linear,k5,r5,4,F,0.16877821
linear,k5,r5,4,E,0.16468415
linear,k5,r5,4,D,0.16509558
linear,k5,r5,5,G,0.1644051
linear,k5,r5,5,C,0.16264382
linear,k5,r5,5,F,0.16097438
linear,k5,r5,5,E,0.16096427
linear,k5,r5,5,D,0.16418433
mlp,k0,r5,0,G,0.026887167
mlp,k0,r5,0,C,0.06595384
mlp,k0,r5,0,F,0.13767098
mlp,k0,r5,0,E,0.20926572
mlp,k0,r5,0,D,0.018516798
mlp,k0,r5,1,G,0.080022685
mlp,k0,r5,1,C,0.1582057
mlp,k0,r5,1,F,0.083634384
mlp,k0,r5,1,E,0.10380701
mlp,k0,r5,1,D,0.0007388552
mlp,k0,r5,2,G,0.0884459
mlp,k0,r5,2,C,0.018834224
mlp,k0,r5,2,F,0.057612717
mlp,k0,r5,2,E,0.037069354
mlp,k0,r5,2,D,0.002626716
mlp,k0,r5,3,G,0.104350425
mlp,k0,r5,3,C,0.097211346
mlp,k0,r5,3,F,0.077082686
mlp,k0,r5,3,E,0.10333085
mlp,k0,r5,3,D,0.16658756
mlp,k0,r5,4,G,0.012230427
mlp,k0,r5,4,C,0.026050715
mlp,k0,r5,4,F,0.007124273
mlp,k0,r5,4,E,0.008586516
mlp,k0,r5,4,D,0.13546696
mlp,k0,r5,5,G,0.1078063
mlp,k0,r5,5,C,0.03099595
mlp,k0,r5,5,F,0.06437873
mlp,k0,r5,5,E,0.017312063
mlp,k0,r5,5,D,0.045977365
mlp,k1,r5,0,G,0.050557163
mlp,k1,r5,0,C,0.047789194
mlp,k1,r5,0,F,0.076926395
mlp,k1,r5,0,E,0.052651495
mlp,k1,r5,0,D,0.03972709
mlp,k1,r5,1,G,0.08482218
mlp,k1,r5,1,C,0.10219741
mlp,k1,r5,1,F,0.081990026
mlp,k1,r5,1,E,0.071488224
mlp,k1,r5,1,D,0.063929275
mlp,k1,r5,2,G,0.10123908
mlp,k1,r5,2,C,0.08243626
mlp,k1,r5,2,F,0.10582694
mlp,k1,r5,2,E,0.07947351
mlp,k1,r5,2,D,0.08245375
mlp,k1,r5,3,G,0.11254346
mlp,k1,r5,3,C,0.097953856
mlp,k1,r5,3,F,0.07208274
mlp,k1,r5,3,E,0.10179085
mlp,k1,r5,3,D,0.09465675
mlp,k1,r5,4,G,0.145603
mlp,k1,r5,4,C,0.11337909
mlp,k1,r5,4,F,0.17122468
mlp,k1,r5,4,E,0.13738349
mlp,k1,r5,4,D,0.10382577
mlp,k1,r5,5,G,0.099300794
mlp,k1,r5,5,C,0.08985832
mlp,k1,r5,5,F,0.0745499
mlp,k1,r5,5,E,0.1081145
mlp,k1,r5,5,D,0.07054219
mlp,k2,r5,0,G,0.13970163
mlp,k2,r5,0,C,0.12837411
mlp,k2,r5,0,F,0.14309177
mlp,k2,r5,0,E,0.13715433
mlp,k2,r5,0,D,0.14002419
mlp,k2,r5,1,G,0.09048152
mlp,k2,r5,1,C,0.09748705
mlp,k2,r5,1,F,0.11206598
mlp,k2,r5,1,E,0.101592265
mlp,k2,r5,1,D,0.10834558
mlp,k2,r5,2,G,0.13383582
mlp,k2,r5,2,C,0.12985627
mlp,k2,r5,2,F,0.1284057
mlp,k2,r5,2,E,0.131572
mlp,k2,r5,2,D,0.12758161
mlp,k2,r5,3,G,0.1260333
mlp,k2,r5,3,C,0.10828931
mlp,k2,r5,3,F,0.11728007
mlp,k2,r5,3,E,0.11934923
mlp,k2,r5,3,D,0.11315767
mlp,k2,r5,4,G,0.09632038
mlp,k2,r5,4,C,0.10095456
mlp,k2,r5,4,F,0.09503993
mlp,k2,r5,4,E,0.10478871
mlp,k2,r5,4,D,0.096009105
mlp,k2,r5,5,G,0.12543564
mlp,k2,r5,5,C,0.10708801
mlp,k2,r5,5,F,0.11516593
mlp,k2,r5,5,E,0.11444886
mlp,k2,r5,5,D,0.10761499
mlp,k3,r5,0,G,0.13043633
mlp,k3,r5,0,C,0.12174668
mlp,k3,r5,0,F,0.13472377
mlp,k3,r5,0,E,0.12829988
mlp,k3,r5,0,D,0.13514324
mlp,k3,r5,1,G,0.14245637
mlp,k3,r5,1,C,0.14386694
mlp,k3,r5,1,F,0.14700681
mlp,k3,r5,1,E,0.1485876
mlp,k3,r5,1,D,0.15154542
mlp,k3,r5,2,G,0.098474264
mlp,k3,r5,2,C,0.09453638
mlp,k3,r5,2,F,0.09078421
mlp,k3,r5,2,E,0.09135716
mlp,k3,r5,2,D,0.0894776
mlp,k3,r5,3,G,0.11535169
mlp,k3,r5,3,C,0.11555781
mlp,k3,r5,3,F,0.10989445
mlp,k3,r5,3,E,0.10945388
mlp,k3,r5,3,D,0.10794387
mlp,k3,r5,4,G,0.15270987
mlp,k3,r5,4,C,0.1425262
mlp,k3,r5,4,F,0.14539695
mlp,k3,r5,4,E,0.14675958
mlp,k3,r5,4,D,0.13968517
mlp,k3,r5,5,G,0.1362431
mlp,k3,r5,5,C,0.13149787
mlp,k3,r5,5,F,0.14412765
mlp,k3,r5,5,E,0.1380157
mlp,k3,r5,5,D,0.14372791
mlp,k4,r5,0,G,0.14662783
mlp,k4,r5,0,C,0.14802524
mlp,k4,r5,0,F,0.15107909
mlp,k4,r5,0,E,0.14938675
mlp,k4,r5,0,D,0.15418938
mlp,k4,r5,1,G,0.14850405
mlp,k4,r5,1,C,0.1464456
mlp,k4,r5,1,F,0.1496813
mlp,k4,r5,1,E,0.1511212
mlp,k4,r5,1,D,0.14559501
mlp,k4,r5,2,G,0.16418155
mlp,k4,r5,2,C,0.16502097
mlp,k4,r5,2,F,0.16448238
mlp,k4,r5,2,E,0.15766086
mlp,k4,r5,2,D,0.15589581
mlp,k4,r5,3,G,0.13778639
mlp,k4,r5,3,C,0.1372157
mlp,k4,r5,3,F,0.13430499
mlp,k4,r5,3,E,0.13337873
mlp,k4,r5,3,D,0.13112813
mlp,k4,r5,4,G,0.1511983
mlp,k4,r5,4,C,0.15615591
mlp,k4,r5,4,F,0.14839345
mlp,k4,r5,4,E,0.15036605
mlp,k4,r5,4,D,0.14661409
mlp,k4,r5,5,G,0.15512936
mlp,k4,r5,5,C,0.15140554
mlp,k4,r5,5,F,0.15252504
mlp,k4,r5,5,E,0.15520652
mlp,k4,r5,5,D,0.14947034
mlp,k5,r5,0,G,0.16177286
mlp,k5,r5,0,C,0.1630567
mlp,k5,r5,0,F,0.16498329
mlp,k5,r5,0,E,0.16707668
mlp,k5,r5,0,D,0.16340889
mlp,k5,r5,1,G,0.15898633
mlp,k5,r5,1,C,0.16058001
mlp,k5,r5,1,F,0.1623581
mlp,k5,r5,1,E,0.156378
mlp,k5,r5,1,D,0.16568075
mlp,k5,r5,2,G,0.16328898
mlp,k5,r5,2,C,0.16219185
mlp,k5,r5,2,F,0.15935954
mlp,k5,r5,2,E,0.16770881
mlp,k5,r5,2,D,0.16300741
mlp,k5,r5,3,G,0.1608218
mlp,k5,r5,3,C,0.16363345
mlp,k5,r5,3,F,0.1657627
mlp,k5,r5,3,E,0.16727127
mlp,k5,r5,3,D,0.1684448
mlp,k5,r5,4,G,0.16479325
mlp,k5,r5,4,C,0.16758004
mlp,k5,r5,4,F,0.16151904
mlp,k5,r5,4,E,0.16495404
mlp,k5,r5,4,D,0.16608831
mlp,k5,r5,5,G,0.15949142
mlp,k5,r5,5,C,0.1626053
mlp,k5,r5,5,F,0.1642446
mlp,k5,r5,5,E,0.15498175
mlp,k5,r5,5,D,0.16235204
rf,k0,r5,0,G,0.026887167
rf,k0,r5,0,C,0.06595384
rf,k0,r5,0,F,0.13767096
rf,k0,r5,0,E,0.20926572
rf,k0,r5,0,D,0.018516798
rf,k0,r5,1,G,0.080022685
rf,k0,r5,1,C,0.15820572
rf,k0,r5,1,F,0.083634384
rf,k0,r5,1,E,0.10380701
rf,k0,r5,1,D,0.00073885533
rf,k0,r5,2,G,0.0884459
rf,k0,r5,2,C,0.018834224
rf,k0,r5,2,F,0.057612717
rf,k0,r5,2,E,0.037069354
rf,k0,r5,2,D,0.0026267164
rf,k0,r5,3,G,0.104350425
rf,k0,r5,3,C,0.097211346
rf,k0,r5,3,F,0.07708269
rf,k0,r5,3,E,0.10333085
rf,k0,r5,3,D,0.16658756
rf,k0,r5,4,G,0.012230427
rf,k0,r5,4,C,0.026050717
rf,k0,r5,4,F,0.0071242726
rf,k0,r5,4,E,0.008586516
rf,k0,r5,4,D,0.13546696
rf,k0,r5,5,G,0.10780629
rf,k0,r5,5,C,0.03099595
rf,k0,r5,5,F,0.06437873
rf,k0,r5,5,E,0.017312063
rf,k0,r5,5,D,0.045977365
rf,k1,r5,0,G,0.049992114
rf,k1,r5,0,C,0.048698235
rf,k1,r5,0,F,0.07537308
rf,k1,r5,0,E,0.05230065
rf,k1,r5,0,D,0.04002644
rf,k1,r5,1,G,0.08721421
rf,k1,r5,1,C,0.09846434
rf,k1,r5,1,F,0.083315775
rf,k1,r5,1,E,0.07081564
rf,k1,r5,1,D,0.06370705
rf,k1,r5,2,G,0.100640014
rf,k1,r5,2,C,0.07737982
rf,k1,r5,2,F,0.10551733
rf,k1,r5,2,E,0.07959493
rf,k1,r5,2,D,0.07856248
rf,k1,r5,3,G,0.11020476
rf,k1,r5,3,C,0.09843727
rf,k1,r5,3,F,0.07566225
rf,k1,r5,3,E,0.099235415
rf,k1,r5,3,D,0.09259272
rf,k1,r5,4,G,0.14375907
rf,k1,r5,4,C,0.11816894
rf,k1,r5,4,F,0.17605795
rf,k1,r5,4,E,0.13581663
rf,k1,r5,4,D,0.10077863
rf,k1,r5,5,G,0.09921658
rf,k1,r5,5,C,0.08975153
rf,k1,r5,5,F,0.07464123
rf,k1,r5,5,E,0.107526824
rf,k1,r5,5,D,0.0690404
rf,k2,r5,0,G,0.14196704
rf,k2,r5,0,C,0.13204081
rf,k2,r5,0,F,0.14512147
rf,k2,r5,0,E,0.13761115
rf,k2,r5,0,D,0.14152978
rf,k2,r5,1,G,0.0893255
rf,k2,r5,1,C,0.09981024
rf,k2,r5,1,F,0.110091984
rf,k2,r5,1,E,0.100410916
rf,k2,r5,1,D,0.10838209
rf,k2,r5,2,G,0.13424215
rf,k2,r5,2,C,0.12836829
rf,k2,r5,2,F,0.12940496
rf,k2,r5,2,E,0.13087164
rf,k2,r5,2,D,0.13136713
rf,k2,r5,3,G,0.124297
rf,k2,r5,3,C,0.10840087
rf,k2,r5,3,F,0.1206575
rf,k2,r5,3,E,0.12080826
rf,k2,r5,3,D,0.11146598
rf,k2,r5,4,G,0.09409816
rf,k2,r5,4,C,0.10457291
rf,k2,r5,4,F,0.09186241
rf,k2,r5,4,E,0.1023077
rf,k2,r5,4,D,0.09724883
rf,k2,r5,5,G,0.123906106
rf,k2,r5,5,C,0.107918754
rf,k2,r5,5,F,0.114429936
rf,k2,r5,5,E,0.116064824
rf,k2,r5,5,D,0.10741282
rf,k3,r5,0,G,0.12742135
rf,k3,r5,0,C,0.12264391
rf,k3,r5,0,F,0.12812927
rf,k3,r5,0,E,0.121593714
rf,k3,r5,0,D,0.12564507
rf,k3,r5,1,G,0.14084432
rf,k3,r5,1,C,0.14453746
rf,k3,r5,1,F,0.14914532
rf,k3,r5,1,E,0.14937058
rf,k3,r5,1,D,0.15267183
rf,k3,r5,2,G,0.09504831
rf,k3,r5,2,C,0.09376987
rf,k3,r5,2,F,0.09084761
rf,k3,r5,2,E,0.08968314
rf,k3,r5,2,D,0.09220666
rf,k3,r5,3,G,0.11386874
rf,k3,r5,3,C,0.11190378
rf,k3,r5,3,F,0.10832997
rf,k3,r5,3,E,0.106583394
rf,k3,r5,3,D,0.10937705
rf,k3,r5,4,G,0.15396114
rf,k3,r5,4,C,0.14277525
rf,k3,r5,4,F,0.14713115
rf,k3,r5,4,E,0.14809771
rf,k3,r5,4,D,0.14223781
rf,k3,r5,5,G,0.13120735
rf,k3,r5,5,C,0.12916863
rf,k3,r5,5,F,0.1478551
rf,k3,r5,5,E,0.13910815
rf,k3,r5,5,D,0.14479388
rf,k4,r5,0,G,0.15220805
rf,k4,r5,0,C,0.14359449
rf,k4,r5,0,F,0.14610536
rf,k4,r5,0,E,0.14760886
rf,k4,r5,0,D,0.15111636
rf,k4,r5,1,G,0.15469112
rf,k4,r5,1,C,0.15232435
rf,k4,r5,1,F,0.14785685
rf,k4,r5,1,E,0.15031438
rf,k4,r5,1,D,0.14655924
rf,k4,r5,2,G,0.1635696
rf,k4,r5,2,C,0.16716991
rf,k4,r5,2,F,0.1617512
rf,k4,r5,2,E,0.16304672
rf,k4,r5,2,D,0.16397992
rf,k4,r5,3,G,0.1363733
rf,k4,r5,3,C,0.13767962
rf,k4,r5,3,F,0.13169155
rf,k4,r5,3,E,0.13799508
rf,k4,r5,3,D,0.13588993
rf,k4,r5,4,G,0.15337811
rf,k4,r5,4,C,0.14986706
rf,k4,r5,4,F,0.14549214
rf,k4,r5,4,E,0.14522706
rf,k4,r5,4,D,0.14757821
rf,k4,r5,5,G,0.15548824
rf,k4,r5,5,C,0.14973041
rf,k4,r5,5,F,0.15303113
rf,k4,r5,5,E,0.15397023
rf,k4,r5,5,D,0.14472769
rf,k5,r5,0,G,0.16533636
rf,k5,r5,0,C,0.16427295
rf,k5,r5,0,F,0.16572967
rf,k5,r5,0,E,0.16186236
rf,k5,r5,0,D,0.16181391
rf,k5,r5,1,G,0.16258442
rf,k5,r5,1,C,0.16469888
rf,k5,r5,1,F,0.16539785
rf,k5,r5,1,E,0.16043274
rf,k5,r5,1,D,0.16391619
rf,k5,r5,2,G,0.16415259
rf,k5,r5,2,C,0.15803538
rf,k5,r5,2,F,0.16544943
rf,k5,r5,2,E,0.16530827
rf,k5,r5,2,D,0.16069531
rf,k5,r5,3,G,0.17084393
rf,k5,r5,3,C,0.1630997
rf,k5,r5,3,F,0.15928377
rf,k5,r5,3,E,0.16522045
rf,k5,r5,3,D,0.16347308
rf,k5,r5,4,G,0.1722726
rf,k5,r5,4,C,0.15786782
rf,k5,r5,4,F,0.16593584
rf,k5,r5,4,E,0.16898741
rf,k5,r5,4,D,0.16695477
rf,k5,r5,5,G,0.1632324
rf,k5,r5,5,C,0.16545372
rf,k5,r5,5,F,0.16015346
rf,k5,r5,5,E,0.15742855
rf,k5,r5,5,D,0.16063127
transformer,k0,r5,0,G,0.026887167
transformer,k0,r5,0,C,0.06595384
transformer,k0,r5,0,F,0.13767098
transformer,k0,r5,0,E,0.20926572
transformer,k0,r5,0,D,0.018516798
transformer,k0,r5,1,G,0.080022685
transformer,k0,r5,1,C,0.1582057
transformer,k0,r5,1,F,0.083634384
transformer,k0,r5,1,E,0.10380701
transformer,k0,r5,1,D,0.00073885533
transformer,k0,r5,2,G,0.0884459
transformer,k0,r5,2,C,0.018834224
transformer,k0,r5,2,F,0.057612717
transformer,k0,r5,2,E,0.037069354
transformer,k0,r5,2,D,0.0026267164
transformer,k0,r5,3,G,0.104350425
transformer,k0,r5,3,C,0.097211346
transformer,k0,r5,3,F,0.07708269
transformer,k0,r5,3,E,0.10333085
transformer,k0,r5,3,D,0.16658756
transformer,k0,r5,4,G,0.012230427
transformer,k0,r5,4,C,0.026050715
transformer,k0,r5,4,F,0.007124273
transformer,k0,r5,4,E,0.008586516
transformer,k0,r5,4,D,0.13546696
transformer,k0,r5,5,G,0.10780629
transformer,k0,r5,5,C,0.03099595
transformer,k0,r5,5,F,0.06437873
transformer,k0,r5,5,E,0.017312063
transformer,k0,r5,5,D,0.045977365
transformer,k1,r5,0,G,0.051197037
transformer,k1,r5,0,C,0.0488997
transformer,k1,r5,0,F,0.07338447
transformer,k1,r5,0,E,0.05141285
transformer,k1,r5,0,D,0.040747087
transformer,k1,r5,1,G,0.083792806
transformer,k1,r5,1,C,0.096861795
transformer,k1,r5,1,F,0.083424084
transformer,k1,r5,1,E,0.071676336
transformer,k1,r5,1,D,0.06358862
transformer,k1,r5,2,G,0.10144814
transformer,k1,r5,2,C,0.08017364
transformer,k1,r5,2,F,0.1025751
transformer,k1,r5,2,E,0.08132777
transformer,k1,r5,2,D,0.078825966
transformer,k1,r5,3,G,0.11033543
transformer,k1,r5,3,C,0.09676848
transformer,k1,r5,3,F,0.07470141
transformer,k1,r5,3,E,0.10087766
transformer,k1,r5,3,D,0.09434286
transformer,k1,r5,4,G,0.14248863
transformer,k1,r5,4,C,0.11397494
transformer,k1,r5,4,F,0.17783456
transformer,k1,r5,4,E,0.13376972
transformer,k1,r5,4,D,0.102096334
transformer,k1,r5,5,G,0.099311806
transformer,k1,r5,5,C,0.08945616
transformer,k1,r5,5,F,0.07575618
transformer,k1,r5,5,E,0.10799706
transformer,k1,r5,5,D,0.06929724
transformer,k2,r5,0,G,0.14110895
transformer,k2,r5,0,C,0.13035464
transformer,k2,r5,0,F,0.14124592
transformer,k2,r5,0,E,0.13396552
transformer,k2,r5,0,D,0.14008026
transformer,k2,r5,1,G,0.09047869
transformer,k2,r5,1,C,0.098134026
transformer,k2,r5,1,F,0.11023229
transformer,k2,r5,1,E,0.09730061
transformer,k2,r5,1,D,0.10941209
transformer,k2,r5,2,G,0.14007805
transformer,k2,r5,2,C,0.13354002
transformer,k2,r5,2,F,0.12512463
transformer,k2,r5,2,E,0.12948163
transformer,k2,r5,2,D,0.1287494
transformer,k2,r5,3,G,0.122389354
transformer,k2,r5,3,C,0.10629355
transformer,k2,r5,3,F,0.114486516
transformer,k2,r5,3,E,0.11902228
transformer,k2,r5,3,D,0.11273231
transformer,k2,r5,4,G,0.0948048
transformer,k2,r5,4,C,0.09975598
transformer,k2,r5,4,F,0.091177896
transformer,k2,r5,4,E,0.10428402
transformer,k2,r5,4,D,0.096192956
transformer,k2,r5,5,G,0.1214016
transformer,k2,r5,5,C,0.10855344
transformer,k2,r5,5,F,0.114016026
transformer,k2,r5,5,E,0.11199473
transformer,k2,r5,5,D,0.101411775
transformer,k3,r5,0,G,0.12629254
transformer,k3,r5,0,C,0.123560205
transformer,k3,r5,0,F,0.13256453
transformer,k3,r5,0,E,0.12929043
transformer,k3,r5,0,D,0.12550107
transformer,k3,r5,1,G,0.14702123
transformer,k3,r5,1,C,0.1446085
transformer,k3,r5,1,F,0.1435074
transformer,k3,r5,1,E,0.14461547
transformer,k3,r5,1,D,0.15371656
transformer,k3,r5,2,G,0.09629884
transformer,k3,r5,2,C,0.09286579
transformer,k3,r5,2,F,0.0890386
transformer,k3,r5,2,E,0.09008628
transformer,k3,r5,2,D,0.089715466
transformer,k3,r5,3,G,0.11631044
transformer,k3,r5,3,C,0.115291625
transformer,k3,r5,3,F,0.11181984
transformer,k3,r5,3,E,0.109382994
transformer,k3,r5,3,D,0.104935154
transformer,k3,r5,4,G,0.15203735
transformer,k3,r5,4,C,0.14208636
transformer,k3,r5,4,F,0.14841431
transformer,k3,r5,4,E,0.14575349
transformer,k3,r5,4,D,0.14357945
transformer,k3,r5,5,G,0.1374637
transformer,k3,r5,5,C,0.13579512
transformer,k3,r5,5,F,0.1353379
transformer,k3,r5,5,E,0.1411064
transformer,k3,r5,5,D,0.1424213
transformer,k4,r5,0,G,0.14587413
transformer,k4,r5,0,C,0.15126485
transformer,k4,r5,0,F,0.1500951
transformer,k4,r5,0,E,0.14924662
transformer,k4,r5,0,D,0.14890872
transformer,k4,r5,1,G,0.15082192
transformer,k4,r5,1,C,0.14854759
transformer,k4,r5,1,F,0.14945142
transformer,k4,r5,1,E,0.1467627
transformer,k4,r5,1,D,0.14804673
transformer,k4,r5,2,G,0.16115472
transformer,k4,r5,2,C,0.1638113
transformer,k4,r5,2,F,0.16464357
transformer,k4,r5,2,E,0.16470225
transformer,k4,r5,2,D,0.1680467
transformer,k4,r5,3,G,0.1388736
transformer,k4,r5,3,C,0.13190337
transformer,k4,r5,3,F,0.13309833
transformer,k4,r5,3,E,0.13762079
transformer,k4,r5,3,D,0.13474876
transformer,k4,r5,4,G,0.14864895
transformer,k4,r5,4,C,0.15164654
transformer,k4,r5,4,F,0.14414482
transformer,k4,r5,4,E,0.14929031
transformer,k4,r5,4,D,0.15331611
transformer,k4,r5,5,G,0.15188321
transformer,k4,r5,5,C,0.15089326
transformer,k4,r5,5,F,0.14855677
transformer,k4,r5,5,E,0.15510741
transformer,k4,r5,5,D,0.15009439
transformer,k5,r5,0,G,0.16402827
transformer,k5,r5,0,C,0.1632309
transformer,k5,r5,0,F,0.16937003
transformer,k5,r5,0,E,0.16296819
transformer,k5,r5,0,D,0.16329838
transformer,k5,r5,1,G,0.16716659
transformer,k5,r5,1,C,0.16170017
transformer,k5,r5,1,F,0.16721776
transformer,k5,r5,1,E,0.16355623
transformer,k5,r5,1,D,0.16031513
transformer,k5,r5,2,G,0.16431084
transformer,k5,r5,2,C,0.1627178
transformer,k5,r5,2,F,0.16412558
transformer,k5,r5,2,E,0.16449223
transformer,k5,r5,2,D,0.16137238
transformer,k5,r5,3,G,0.17078853
transformer,k5,r5,3,C,0.15873481
transformer,k5,r5,3,F,0.15882306
transformer,k5,r5,3,E,0.16597314
transformer,k5,r5,3,D,0.16242667
transformer,k5,r5,4,G,0.1629717
transformer,k5,r5,4,C,0.16376075
transformer,k5,r5,4,F,0.1641656
transformer,k5,r5,4,E,0.16289563
transformer,k5,r5,4,D,0.16033688
transformer,k5,r5,5,G,0.16362396
transformer,k5,r5,5,C,0.16565388
transformer,k5,r5,5,F,0.15837781
transformer,k5,r5,5,E,0.15968038
transformer,k5,r5,5,D,0.16345827
ulstm,k0,r5,0,G,0.026887167
ulstm,k0,r5,0,C,0.06595384
ulstm,k0,r5,0,F,0.13767098
ulstm,k0,r5,0,E,0.20926572
ulstm,k0,r5,0,D,0.018516796
ulstm,k0,r5,1,G,0.080022685
ulstm,k0,r5,1,C,0.1582057
ulstm,k0,r5,1,F,0.083634384
ulstm,k0,r5,1,E,0.10380701
ulstm,k0,r5,1,D,0.00073885475
ulstm,k0,r5,2,G,0.0884459
ulstm,k0,r5,2,C,0.018834224
ulstm,k0,r5,2,F,0.057612717
ulstm,k0,r5,2,E,0.037069354
ulstm,k0,r5,2,D,0.0026267157
ulstm,k0,r5,3,G,0.104350425
ulstm,k0,r5,3,C,0.097211346
ulstm,k0,r5,3,F,0.07708269
ulstm,k0,r5,3,E,0.10333085
ulstm,k0,r5,3,D,0.16658756
ulstm,k0,r5,4,G,0.012230427
ulstm,k0,r5,4,C,0.026050717
ulstm,k0,r5,4,F,0.007124273
ulstm,k0,r5,4,E,0.008586516
ulstm,k0,r5,4,D,0.13546696
ulstm,k0,r5,5,G,0.107806295
ulstm,k0,r5,5,C,0.03099595
ulstm,k0,r5,5,F,0.06437873
ulstm,k0,r5,5,E,0.017312063
ulstm,k0,r5,5,D,0.045977365
ulstm,k1,r5,0,G,0.050331566
ulstm,k1,r5,0,C,0.048981987
ulstm,k1,r5,0,F,0.07569051
ulstm,k1,r5,0,E,0.051732395
ulstm,k1,r5,0,D,0.0404924
ulstm,k1,r5,1,G,0.08400515
ulstm,k1,r5,1,C,0.102783985
ulstm,k1,r5,1,F,0.08301148
ulstm,k1,r5,1,E,0.071171075
ulstm,k1,r5,1,D,0.06684042
ulstm,k1,r5,2,G,0.10185977
ulstm,k1,r5,2,C,0.07853477
ulstm,k1,r5,2,F,0.106864035
ulstm,k1,r5,2,E,0.07971431
ulstm,k1,r5,2,D,0.08117414
ulstm,k1,r5,3,G,0.10894746
ulstm,k1,r5,3,C,0.09655262
ulstm,k1,r5,3,F,0.07421451
ulstm,k1,r5,3,E,0.10367742
ulstm,k1,r5,3,D,0.09556354
ulstm,k1,r5,4,G,0.145366
ulstm,k1,r5,4,C,0.11639088
ulstm,k1,r5,4,F,0.178307
ulstm,k1,r5,4,E,0.13629076
ulstm,k1,r5,4,D,0.10215234
ulstm,k1,r5,5,G,0.09812443
ulstm,k1,r5,5,C,0.088686556
ulstm,k1,r5,5,F,0.07024637
ulstm,k1,r5,5,E,0.10761286
ulstm,k1,r5,5,D,0.07038311
ulstm,k2,r5,0,G,0.13993129
ulstm,k2,r5,0,C,0.13184765
ulstm,k2,r5,0,F,0.14332922
ulstm,k2,r5,0,E,0.13608342
ulstm,k2,r5,0,D,0.13647047
ulstm,k2,r5,1,G,0.09223923
ulstm,k2,r5,1,C,0.09929808
ulstm,k2,r5,1,F,0.11015156
ulstm,k2,r5,1,E,0.09922673
ulstm,k2,r5,1,D,0.10611895
ulstm,k2,r5,2,G,0.13718711
ulstm,k2,r5,2,C,0.13111234
ulstm,k2,r5,2,F,0.12905008
ulstm,k2,r5,2,E,0.1353127
ulstm,k2,r5,2,D,0.13369423
ulstm,k2,r5,3,G,0.12320469
ulstm,k2,r5,3,C,0.112115696
ulstm,k2,r5,3,F,0.11937687
ulstm,k2,r5,3,E,0.1193243
ulstm,k2,r5,3,D,0.11614594
ulstm,k2,r5,4,G,0.0993154
ulstm,k2,r5,4,C,0.09946743
ulstm,k2,r5,4,F,0.09360944
ulstm,k2,r5,4,E,0.10796773
ulstm,k2,r5,4,D,0.08987238
ulstm,k2,r5,5,G,0.12554435
ulstm,k2,r5,5,C,0.1054845
ulstm,k2,r5,5,F,0.111936554
ulstm,k2,r5,5,E,0.114726745
ulstm,k2,r5,5,D,0.10548392
ulstm,k3,r5,0,G,0.12564076
ulstm,k3,r5,0,C,0.12656347
ulstm,k3,r5,0,F,0.13545659
ulstm,k3,r5,0,E,0.12990497
ulstm,k3,r5,0,D,0.12769818
ulstm,k3,r5,1,G,0.14662802
ulstm,k3,r5,1,C,0.14597243
ulstm,k3,r5,1,F,0.1431728
ulstm,k3,r5,1,E,0.14284605
ulstm,k3,r5,1,D,0.14538495
ulstm,k3,r5,2,G,0.09374362
ulstm,k3,r5,2,C,0.09573938
ulstm,k3,r5,2,F,0.087894626
ulstm,k3,r5,2,E,0.09282084
ulstm,k3,r5,2,D,0.090693146
ulstm,k3,r5,3,G,0.11254981
ulstm,k3,r5,3,C,0.117385924
ulstm,k3,r5,3,F,0.10944277
ulstm,k3,r5,3,E,0.107476674
ulstm,k3,r5,3,D,0.10964517
ulstm,k3,r5,4,G,0.15133876
ulstm,k3,r5,4,C,0.14508192
ulstm,k3,r5,4,F,0.14349619
ulstm,k3,r5,4,E,0.14361791
ulstm,k3,r5,4,D,0.14198811
ulstm,k3,r5,5,G,0.13352738
ulstm,k3,r5,5,C,0.13040236
ulstm,k3,r5,5,F,0.144891
ulstm,k3,r5,5,E,0.14236635
ulstm,k3,r5,5,D,0.13945355
ulstm,k4,r5,0,G,0.14700255
ulstm,k4,r5,0,C,0.1459937
ulstm,k4,r5,0,F,0.14714861
ulstm,k4,r5,0,E,0.15092109
ulstm,k4,r5,0,D,0.15017805
ulstm,k4,r5,1,G,0.14883637
ulstm,k4,r5,1,C,0.14777519
ulstm,k4,r5,1,F,0.14654198
ulstm,k4,r5,1,E,0.14675832
ulstm,k4,r5,1,D,0.1498952
ulstm,k4,r5,2,G,0.16597737
ulstm,k4,r5,2,C,0.16003074
ulstm,k4,r5,2,F,0.16479748
ulstm,k4,r5,2,E,0.16471304
ulstm,k4,r5,2,D,0.16192333
ulstm,k4,r5,3,G,0.13739717
ulstm,k4,r5,3,C,0.13745932
ulstm,k4,r5,3,F,0.12890053
ulstm,k4,r5,3,E,0.13484143
ulstm,k4,r5,3,D,0.13269144
ulstm,k4,r5,4,G,0.15045348
ulstm,k4,r5,4,C,0.15142457
ulstm,k4,r5,4,F,0.1493632
ulstm,k4,r5,4,E,0.14673711
ulstm,k4,r5,4,D,0.14785014
ulstm,k4,r5,5,G,0.15033834
ulstm,k4,r5,5,C,0.14690588
ulstm,k4,r5,5,F,0.15095527
ulstm,k4,r5,5,E,0.15063882
ulstm,k4,r5,5,D,0.14476755
ulstm,k5,r5,0,G,0.16531658
ulstm,k5,r5,0,C,0.16828306
ulstm,k5,r5,0,F,0.16879974
ulstm,k5,r5,0,E,0.16390085
ulstm,k5,r5,0,D,0.15851651
ulstm,k5,r5,1,G,0.16686746
ulstm,k5,r5,1,C,0.16679855
ulstm,k5,r5,1,F,0.16460647
ulstm,k5,r5,1,E,0.15846795
ulstm,k5,r5,1,D,0.16320966
ulstm,k5,r5,2,G,0.16880272
ulstm,k5,r5,2,C,0.15969849
ulstm,k5,r5,2,F,0.16676487
ulstm,k5,r5,2,E,0.16872023
ulstm,k5,r5,2,D,0.16159585
ulstm,k5,r5,3,G,0.16299075
ulstm,k5,r5,3,C,0.1643025
ulstm,k5,r5,3,F,0.1629388
ulstm,k5,r5,3,E,0.16111304
ulstm,k5,r5,3,D,0.1699855
ulstm,k5,r5,4,G,0.16280577
ulstm,k5,r5,4,C,0.16133656
ulstm,k5,r5,4,F,0.1657852
ulstm,k5,r5,4,E,0.16666637
ulstm,k5,r5,4,D,0.17461881
ulstm,k5,r5,5,G,0.1675515
ulstm,k5,r5,5,C,0.16173781
ulstm,k5,r5,5,F,0.15613706
ulstm,k5,r5,5,E,0.16496533
ulstm,k5,r5,5,D,0.1624289
